name,2010EIIE,2010ECPD,2011EIIE,2012ECPD,2012EIIE,2013ECPD,2013EIIE,2014ECPD,2014EIIE,2015ECPD,2015EIIE,2016ECPD,2016EIIE,2017ECPD,2017EIIE,2018ECPD,2018EIIE,2019ECPD,2019EIIE,2020ECPD,2020EIIE,2021ECPD,2021EIIE,2022ECPD,2022EIIE,2023ECPD,2023EIIE,2024ECPD,2024EIIE
梅州市,0.0211912,0.88319659,0.022147,0.8889015,0.0228529,0.89488301,0.0215705,0.90023861,0.0236515,0.8970182,0.0228839,0.89394491,0.0246172,0.90508862,0.0237874,0.926082,0.0224223,0.94659135,0.0225064,0.96793926,0.0242317,0.99366179,0.0231914,1.020473,0.0262823,1.0469861,0.0259236,1.0734993,0.0255648
鄂州市,0.0173087,1.0494676,0.0165299,1.1046577,0.0167857,1.1647027,0.0157296,1.200523,0.0161298,1.188403,0.0158494,1.2156327,0.0179946,1.1880064,0.0168428,1.189038,0.0160361,1.4735497,0.0166843,1.584679,0.018065,1.6716132,0.0188013,2.1094411,0.0180086,2.5505244,0.0186875,2.9916076,0.0193665
吕梁市,0.0228383,0.92576704,0.0237619,0.91923238,0.0232114,0.94358617,0.0239902,0.92653428,0.0242418,0.89103346,0.0270117,0.89476604,0.0267422,0.9116516,0.0280314,0.92663479,0.027984,0.93860891,0.0284808,1.0327591,0.0279721,1.0718768,0.0299831,1.0857663,0.0318418,1.092186,0.0314689,1.0986058,0.031096
舟山市,0.0155402,2.5788527,0.0149414,2.6402157,0.0156788,2.7756113,0.0175391,2.8164358,0.0189247,2.933546,0.0194865,3.1190627,0.0202691,3.1630899,0.019943,3.2253186,0.0199094,3.2119862,0.0208061,3.1495264,0.0210645,3.2025328,0.0214383,3.1394684,0.0207624,3.0764039,0.0194873,3.0133395,0.0182121
朝阳市,0.0314845,1.2234899,0.0330761,1.2640868,0.0332597,1.2908739,0.0293342,1.2966163,0.031276,1.2870205,0.033236,1.3270889,0.0332009,1.3286307,0.0330908,1.3490649,0.0320212,1.3684675,0.0312035,1.3786285,0.0336227,1.390094,0.0336773,1.4072247,0.0344091,1.423965,0.0351486,1.4407054,0.0358881
广安市,0.0201209,0.59227558,0.0193205,0.64846604,0.0185351,0.63933056,0.0189402,0.65509828,0.0188666,0.4650371,0.0177217,0.47971349,0.0184625,0.48120452,0.0174194,0.47505942,0.0170307,0.47339599,0.0196521,0.47145658,0.0199797,0.46926453,0.0184133,0.46662296,0.0215302,0.46375667,0.0221824,0.46089037,0.0228346
濮阳市,0.0190771,0.63499117,0.0205912,0.67445203,0.0196386,0.72284441,0.0204459,0.77031974,0.0189509,0.80830239,0.0200768,0.84678374,0.0189723,0.87830389,0.0195915,0.91148021,0.0190655,0.92106988,0.019713,1.0922049,0.0208632,1.0818484,0.0210206,1.1909618,0.0210728,1.2997849,0.020667,1.408608,0.0202612
宣城市,0.0235996,1.2513717,0.022919,1.2985405,0.0221422,1.3401797,0.0228565,1.3690227,0.0230586,1.388097,0.0241974,1.4345657,0.0263764,1.4508162,0.0235107,1.4382143,0.023924,1.5047467,0.021687,1.5855166,0.0259356,1.6344622,0.0250029,1.6693065,0.0235356,1.7033133,0.0235668,1.7373201,0.0235979
六盘水市,0.0152719,0.56065386,0.0148541,0.67132736,0.0160079,0.65363346,0.0174893,0.73285886,0.0191147,0.69854765,0.0195536,0.74245925,0.0209902,0.763179,0.0221601,0.79851614,0.0221116,0.81727134,0.0238662,0.87405345,0.0228971,0.90211692,0.0237294,0.93223534,0.0227295,0.96080011,0.0247085,0.98936488,0.0266876
深圳市,0.0183523,7.287786,0.0191727,8.134302,0.0200868,30.871434,0.020355,9.86667,0.0198357,10.42701,0.0200036,11.049126,0.020612,11.780307,0.0206995,12.511488,0.0210725,13.430274,0.0214613,10.514394,0.0215185,11.461758,0.0221851,12.409122,0.0499555,13.356486,0.0600131,14.30385,0.0700655
三明市,0.0316007,2.7380492,0.033208,2.7997273,0.0335679,2.8455883,0.0369171,2.8628148,0.0352239,2.8819767,0.0356218,2.9382778,0.0366499,2.980235,0.0311043,3.038618,0.0297336,3.1083836,0.0332346,3.1705331,0.0301487,3.2401055,0.0300615,3.2957794,0.0333462,3.3523618,0.0326295,3.4089441,0.0319128
景德镇市,0.0169862,1.0461415,0.0189897,1.0546632,0.0179323,1.0647598,0.0168721,1.0765064,0.0179272,1.0681221,0.0174467,1.1002982,0.0198859,1.0873984,0.019936,1.071555,0.0172639,1.0876594,0.0184,1.195963,0.0211081,1.2001337,0.0205834,1.1301977,0.0192933,1.061723,0.0189299,0.9932482,0.0185664
大连市,0.0266255,1.3571774,0.0273908,1.4861228,0.0284449,1.5996375,0.0274356,1.7369416,0.0275514,1.849507,0.0295557,1.9651607,0.0304449,2.1238607,0.0309998,2.2981901,0.0313515,2.4508147,0.0324061,2.6953664,0.0330602,2.862849,0.0344309,3.1340809,0.0344876,3.4044095,0.0374247,3.6747381,0.0403617
攀枝花市,0.0155755,1.4347538,0.0172128,1.4462132,0.0181879,1.4667374,0.0190306,1.4837528,0.0186959,1.3172562,0.0193799,1.3416703,0.0204205,1.3763728,0.0199747,1.3839069,0.0201421,1.3963356,0.0226733,1.4102935,0.0222344,1.4244634,0.0217161,1.4406924,0.0215292,1.4564855,0.0197449,1.4722786,0.0179606
贺州市,0.0261227,1.2931091,0.0254914,1.3405281,0.0255012,1.5236191,0.0266152,1.5163073,0.0271274,1.2696802,0.0255716,1.2631885,0.0242434,1.2493774,0.0243831,1.2423502,0.0237254,1.2413701,0.0239769,1.2714323,0.0256042,1.2879003,0.0231671,1.2970786,0.0224625,1.3035267,0.0229988,1.3099748,0.023535
西安市,0.0222293,0.51037749,0.0236573,0.55214846,0.0244627,0.5916574,0.0243362,0.58730083,0.0240966,0.62181798,0.0248309,0.65081832,0.0247587,0.59007512,0.0256774,0.5233953,0.0259781,0.56130497,0.0264489,0.57841401,0.0269415,0.59216887,0.0277469,0.60841344,0.0370669,0.62451396,0.0407957,0.64061447,0.0445246
淮北市,0.0178895,0.60959928,0.0176209,0.66695997,0.0173812,0.74145411,0.0168982,0.77653174,0.0171528,0.77015243,0.0187915,0.79697074,0.0195451,0.80457954,0.0192704,0.82647078,0.017925,0.90264771,0.0192814,0.96559042,0.0201193,1.0164342,0.0210546,1.0789475,0.0201565,1.1414752,0.0204341,1.2040028,0.0207117
邵阳市,0.0263222,0.7727235,0.0268148,0.80822521,0.027114,0.83389944,0.0254325,0.86384959,0.0252623,0.90809663,0.0269709,0.95092038,0.0286011,0.90387072,0.0267386,0.91679156,0.0258482,1.0415385,0.0279466,1.1711541,0.027264,1.19416,0.028726,1.2399545,0.0300758,1.2858344,0.0280469,1.3317142,0.026018
石家庄市,0.0236136,0.8868087,0.0248517,0.92233652,0.025116,1.0017465,0.0234758,0.96526508,0.0240714,0.96926613,0.02528,0.97363427,0.0250688,0.76722783,0.0259452,0.82182964,0.0269975,0.81353138,0.0270684,0.82611918,0.0285355,0.79526084,0.0289129,0.77660629,0.029435,0.76347741,0.0330303,0.75034852,0.0366256
汕尾市,0.0179847,0.53758417,0.0170934,0.54261057,0.0174551,0.54541569,0.0178446,0.54213092,0.0175763,0.54364378,0.0170178,0.55103175,0.017175,0.55539738,0.0176107,0.57209451,0.0193385,0.57673972,0.022661,0.58436601,0.0333032,0.59613017,0.064605,0.60529145,0.15481,0.61445321,0.4230602,0.62361496,0.6913104
荆门市,0.0247908,1.2148331,0.023462,1.2156157,0.0221994,1.233014,0.0239509,1.2474331,0.0251942,1.2516778,0.0249637,1.2664066,0.0252069,1.2712717,0.0259932,1.2822947,0.0275314,1.3010302,0.0270529,1.4174956,0.0273767,1.4656982,0.0276796,1.4945172,0.028345,1.5225775,0.030043,1.5506378,0.0317411
衢州市,0.0207813,1.1058951,0.0214254,1.1142516,0.0223215,1.1186733,0.0228669,1.1148116,0.0235889,1.1178078,0.0234072,1.1294991,0.0248525,1.4699716,0.0239398,1.4279622,0.0236852,1.4800985,0.0249041,1.4866156,0.0250931,1.4662685,0.0247825,1.3987852,0.025731,1.3312504,0.0248798,1.2637156,0.0240285
宜宾市,0.0176735,0.76068348,0.0180318,0.80888836,0.0198561,0.84973958,0.0200104,0.87883541,0.0208462,0.65624542,0.0224827,0.67533745,0.0213849,0.68564682,0.0211663,0.68919016,0.0222251,0.69403781,0.0221451,0.69677973,0.0230345,0.69850145,0.0224658,0.69139351,0.0236242,0.68422954,0.024683,0.67706558,0.0257418
葫芦岛市,0.020966,0.98721666,0.0241347,1.0130019,0.0234799,1.0363235,0.0222374,1.0456438,0.0214071,1.0393446,0.0231052,1.0563791,0.0238172,0.99991477,0.0230289,1.0216696,0.0222062,1.0627945,0.0238464,1.0860179,0.0259139,1.1068882,0.0269908,1.1307023,0.0259893,1.1543564,0.0267541,1.1780106,0.0275188
济南市,0.0218172,1.033029,0.0227571,1.0896094,0.0231417,1.1275448,0.0231042,1.1563498,0.0233734,1.150693,0.0241497,1.1954065,0.0247032,1.1585905,0.0243469,1.1483281,0.024241,0.9926822,0.024621,0.8619826,0.0247196,0.77347585,0.0251817,0.71045223,0.0319574,0.66462088,0.033225,0.61878953,0.0344926
贵阳市,0.0198045,0.60698978,0.0205843,0.65235729,0.0208501,0.68732919,0.0222532,0.79568651,0.022464,0.66890771,0.0230496,0.69870332,0.0231479,0.70830891,0.0236633,0.71556119,0.0231853,0.7210121,0.0231247,0.75218037,0.0236496,0.78353833,0.0246522,0.80952432,0.0272383,0.83595481,0.0280473,0.8623853,0.0288563
珠海市,0.0181783,0.70006291,0.0186957,0.71587066,0.0177333,0.72592835,0.0185355,0.72130231,0.0183502,0.69210989,0.0182287,1.4171559,0.0186191,0.73882338,0.0194221,1.1056551,0.0196647,0.92669415,0.0192253,1.1165923,0.0199196,1.1177162,0.0201109,0.98888665,0.0221349,0.87093101,0.0241145,0.75297538,0.0260941
长春市,0.0274598,0.9869056,0.027329,1.0571404,0.0281807,1.1298968,0.0253159,1.1681126,0.0251438,1.1976316,0.0262394,1.2020734,0.0265935,1.1325189,0.0266339,1.1570671,0.0265992,1.2878869,0.0283046,1.5035671,0.0300264,1.5102861,0.030861,1.5168167,0.0350551,1.5233114,0.0355319,1.5298062,0.0360088
萍乡市,0.0149317,0.75629752,0.0158758,0.78692931,0.0153381,0.81941948,0.0165293,0.84154962,0.015574,0.84941398,0.0170697,0.87881593,0.0180427,0.8951058,0.0184661,0.93522525,0.0178062,0.9888618,0.0192226,1.0467368,0.0210351,1.1001542,0.0197317,1.1531702,0.0193215,1.2061809,0.0202965,1.2591915,0.0212714
庆阳市,0.0255867,1.4806162,0.0254247,1.5783581,0.0261428,1.603974,0.024984,1.6064713,0.0241718,1.6351188,0.0248714,1.6170761,0.0261883,1.4547414,0.0248935,1.5148432,0.0255838,1.6173874,0.0263439,1.689877,0.0271015,1.7782096,0.0266094,1.8432791,0.0285051,1.9083486,0.0310987,1.9734181,0.0336923
泉州市,0.0163666,0.6616172,0.0178357,0.67666679,0.0182267,0.68664617,0.0199624,0.68734363,0.0202036,0.68106974,0.0214324,0.69077186,0.0217511,0.68486041,0.0215946,0.68672705,0.0223141,0.69669158,0.0212836,0.71597636,0.0216388,0.73630764,0.0212782,0.75212855,0.0232078,0.76795917,0.0243333,0.78378978,0.0254588
自贡市,0.0162193,0.61911194,0.014918,0.66386806,0.0170452,0.68674087,0.0177392,0.67392249,0.0186624,0.47848966,0.0172813,0.50094621,0.0179514,0.52547463,0.0179282,0.52314136,0.0185358,0.52758221,0.0194942,0.53341444,0.0200018,0.53605415,0.0205566,0.53077776,0.0220887,0.52520015,0.022127,0.51962254,0.0221654
临沂市,0.0231635,0.56400069,0.0234748,0.59256405,0.0230408,0.60577086,0.0237575,0.61712172,0.0230233,0.58588875,0.0243988,0.63462592,0.0249535,0.64098867,0.0244481,0.66090303,0.0244047,0.67766275,0.0239725,0.69664408,0.0259554,0.71650139,0.0278291,0.73887747,0.0282682,0.76107209,0.0291404,0.78326671,0.0300126
百色市,0.0243742,1.9542161,0.0258959,1.8373571,0.0250593,1.8325743,0.0244227,1.822576,0.0264221,1.8194277,0.0258841,1.811743,0.02656,1.8059085,0.0290584,1.8028122,0.0301928,1.7973218,0.0305385,1.795873,0.0292037,1.7942361,0.0300424,1.7821069,0.0288859,1.7703601,0.0285903,1.7586133,0.0282947
鞍山市,0.019919,1.4530016,0.0208684,1.5099836,0.0220554,1.246644,0.0207831,1.6397982,0.0205266,1.6677844,0.0221394,1.274903,0.0220464,1.3059339,0.0215212,1.3711057,0.0215843,1.4484558,0.0214757,1.5309802,0.0231132,1.6095024,0.0237324,1.6902965,0.0241155,1.7711026,0.0246667,1.8519087,0.0252178
铜陵市,0.0127566,2.2816931,0.0131213,2.3988197,0.0141493,2.5385108,0.0148425,2.6583953,0.0136409,2.7067726,0.0171969,1.1965487,0.0154761,1.1902132,0.0149016,1.1227547,0.0141723,1.1684758,0.0155466,1.2080061,0.0168168,1.2538461,0.0160361,1.2740541,0.0159635,1.2942621,0.0160188,1.3144701,0.0160741
唐山市,0.0232552,1.230642,0.0233804,1.3268835,0.0235737,1.3846668,0.0226073,1.4071931,0.0236662,1.429697,0.0247099,1.4618112,0.0251673,1.1979767,0.0258937,1.2341655,0.0252657,1.3369017,0.0265597,1.4052138,0.0266053,1.3865679,0.0272816,1.4409902,0.0277677,1.4954051,0.0290379,1.5498201,0.0303081
岳阳市,0.0222406,1.2090889,0.0223647,1.1786396,0.0232892,1.2729979,0.0241448,1.3404135,0.0229895,1.4179519,0.0243403,1.488133,0.0251472,1.4371739,0.0251941,1.474075,0.0233001,1.6475698,0.0236068,1.8836766,0.0263986,1.8858959,0.0259949,1.9094901,0.0255981,1.9327481,0.0266526,1.956006,0.027707
河源市,0.0198629,1.087271,0.019617,1.1076223,0.0190198,1.1329234,0.0189158,1.1313546,0.018958,1.1321576,0.0197126,1.1368222,0.0221579,1.3792898,0.0223568,1.4018885,0.0223369,1.4129675,0.0244598,1.440463,0.0233716,1.4685559,0.0208945,1.4965962,0.0234881,1.5239461,0.0242406,1.5512961,0.0249931
孝感市,0.0221381,0.62773345,0.0207969,0.62965124,0.0223284,0.65291916,0.0244366,0.65550875,0.0237141,0.66979819,0.0232048,0.67028453,0.0247615,0.68822165,0.0240173,0.67482606,0.0233601,0.70242672,0.0240183,0.71408178,0.0270302,0.73371977,0.0255665,0.735323,0.0259592,0.73562666,0.0257356,0.73593033,0.025512
金华市,0.0186796,0.77993556,0.0194139,0.79606482,0.0197187,0.799469,0.0211709,0.79769734,0.0212377,0.79890211,0.0220537,0.81054252,0.0238847,0.77238298,0.0229466,0.77025532,0.0232988,0.79644092,0.0257283,0.8197474,0.0259911,0.81428028,0.0258208,0.82257114,0.026067,0.83109152,0.0260348,0.83961191,0.0260027
盘锦市,0.0185925,2.0983146,0.0173548,2.3191664,0.0180889,2.4941222,0.0185771,2.6641911,0.0176809,2.7634629,0.0192759,2.9273363,0.0220983,3.0657188,0.0218489,3.3193395,0.0213388,3.6120976,0.020996,3.955622,0.0217941,4.2638647,0.0232398,4.6372967,0.0227199,5.0109013,0.0213419,5.3845058,0.0199638
雅安市,0.0257264,2.2286279,0.0266755,2.251994,0.027226,2.2880919,0.0277215,2.31111,0.0272614,2.0770179,0.0275386,2.1417972,0.0290815,2.1899275,0.0285253,2.189459,0.0305377,2.2066086,0.0287916,2.2098446,0.0326187,2.2193802,0.0329469,2.2272785,0.0319222,2.2344928,0.0322996,2.2417071,0.0326769
亳州市,0.0253383,0.44044173,0.0252939,0.46905388,0.0241609,0.48406471,0.0251046,0.50635087,0.0225014,0.51101839,0.0220279,0.53666524,0.0235818,0.53064955,0.0237136,0.51576549,0.0244828,0.55145486,0.0236772,0.59191452,0.0240476,0.61739482,0.0235308,0.6335534,0.0229577,0.64973992,0.021785,0.66592644,0.0206123
商洛市,0.0304999,1.822721,0.0311889,1.8660468,0.0299886,1.925089,0.0279732,1.9574166,0.0269684,1.9745907,0.0268159,2.0111726,0.0262336,2.0198886,0.0253267,2.0077313,0.0260695,2.0978958,0.0258913,2.1285412,0.0281133,2.1661959,0.0288587,2.2024889,0.0294515,2.2388683,0.0302217,2.2752478,0.0309918
盐城市,0.0233243,1.206606,0.0230899,1.2529253,0.024903,1.3287492,0.0254149,1.3697924,0.0248599,1.4145016,0.024906,1.4614634,0.0262111,1.5109749,0.0259421,1.5804559,0.0265066,1.5739295,0.0265016,1.6432356,0.0271056,1.7560364,0.0274577,1.8215323,0.029199,1.8869509,0.0307119,1.9523695,0.0322248
汕头市,0.0129395,0.20734975,0.013974,0.21533229,0.0142428,0.22213363,0.0136754,0.22401461,0.0137299,0.22057105,0.0148788,0.22450032,0.0153062,0.21715993,0.0152345,0.22060028,0.0151742,0.24543517,0.0145314,0.25588669,0.0163872,0.27853787,0.0142349,0.28610906,0.0158652,0.2938551,0.01681,0.30160115,0.0177548
安顺市,0.0238839,0.77462983,0.0240254,0.83018834,0.0251,0.8734178,0.026442,0.82315551,0.0262055,0.74884272,0.027346,0.79189393,0.0286865,0.83069813,0.0285729,0.87300507,0.0287768,0.89628755,0.0285245,0.95362429,0.0288505,0.99400946,0.0289359,1.0445569,0.0301783,1.0947768,0.0315004,1.1449968,0.0328226
厦门市,0.0159253,0.99303093,0.0164356,1.0471198,0.0169313,1.0935485,0.0172933,1.1117541,0.0171446,1.0673367,0.0182621,1.0724339,0.0189784,1.0237512,0.0181474,1.0122304,0.018177,1.0131366,0.018838,1.0071246,0.0186334,0.99260381,0.0189187,0.9556003,0.0226497,0.92017439,0.0220499,0.88474848,0.0214502
太原市,0.0171488,0.64949992,0.0178923,0.52953558,0.0186742,0.41120281,0.018928,0.48880716,0.0194027,0.55264642,0.0197451,0.63446841,0.0207376,0.70121086,0.0212675,0.68326088,0.0211149,0.78610703,0.0210088,0.79038383,0.0215538,0.74742508,0.0223721,0.81191883,0.0229212,0.87519244,0.0264458,0.93846604,0.0299703
常德市,0.0263706,1.2495544,0.0253671,1.2541401,0.025388,1.3423203,0.0254833,1.4119469,0.0250546,1.4614429,0.0245339,1.5346794,0.0272943,1.4568838,0.0267559,1.4900681,0.0264855,1.6572079,0.0278731,1.8630634,0.0295199,1.885942,0.0288031,1.9698045,0.028382,2.053667,0.0278173,2.1375295,0.0272526
牡丹江市,0.0289159,3.1990868,0.0292024,3.4547795,0.0290735,3.5483463,0.0274488,3.5296792,0.0282371,3.7073497,0.0280081,3.7163457,0.0269036,3.5283991,0.0282339,3.4609608,0.0297206,3.6646697,0.0324863,3.7731613,0.0351975,3.934897,0.0358616,3.9460252,0.0352285,3.9571535,0.0345581,3.9682817,0.0338878
淮南市,0.0140541,1.1737421,0.0170285,1.230866,0.0163333,1.3124041,0.0183545,1.359855,0.0183713,1.3594418,0.0210566,0.90520541,0.0207647,0.90404704,0.0206589,0.91844508,0.0204332,0.97666846,0.0195977,1.0267842,0.0196452,1.049347,0.0192716,1.0569391,0.0205056,1.0639226,0.0199152,1.0709061,0.0193248
德阳市,0.0195262,0.86206144,0.0189823,0.91370982,0.0199562,0.93060156,0.0202799,0.97055664,0.0201147,0.66299509,0.0218173,0.68549261,0.0220328,0.71324095,0.021719,0.71454178,0.0224416,0.71509135,0.0212953,0.71784221,0.0225153,0.72070989,0.0219153,0.72218624,0.0230882,0.72357668,0.023566,0.72496712,0.0240439
威海市,0.0189701,1.2772045,0.018823,1.3132516,0.019644,1.3633059,0.0197826,1.404657,0.019393,1.4348453,0.0210245,1.4711036,0.0213087,1.49713,0.0214554,1.5176459,0.0218917,1.5317687,0.0224912,1.5858755,0.0233506,1.6395343,0.0244461,1.7130633,0.0267342,1.7863423,0.0267056,1.8596214,0.026677
秦皇岛市,0.0190377,1.3034569,0.0218705,1.3449975,0.0225361,1.399816,0.0227836,1.4030831,0.0245295,1.3261103,0.0238138,1.3954236,0.0236603,1.3799881,0.0244942,1.4298636,0.0240526,1.5003455,0.0250716,1.6365982,0.0267736,1.6911745,0.0267778,1.7841455,0.0270762,1.8768209,0.0272932,1.9694962,0.0275102
绍兴市,0.0185288,0.99296894,0.0195557,1.0329941,0.0199705,1.0439702,0.0209157,1.0555468,0.0213395,1.2782115,0.0228988,1.4488243,0.0234238,1.1840234,0.023045,1.1732651,0.0236854,1.2192489,0.0242594,1.244889,0.0244419,1.280708,0.0245811,1.2388822,0.0249862,1.1973785,0.0241627,1.1558747,0.0233392
阳江市,0.0233438,1.0252566,0.0225795,1.0300161,0.0215299,1.0354053,0.0217108,1.0235419,0.0207836,1.0103485,0.021328,0.99985153,0.0213878,0.98823488,0.0214551,0.98421772,0.0224114,0.9703414,0.0218915,0.95713762,0.0239496,0.94858374,0.0225104,0.93337685,0.0243984,0.9189731,0.0247151,0.90456936,0.0250356
铁岭市,0.0305173,1.0780187,0.0310414,1.147144,0.0321981,1.2311975,0.0298451,1.3085776,0.0307388,1.3898029,0.0331178,1.4984713,0.0324425,1.6216788,0.0322198,1.7811856,0.0301061,1.9681071,0.0316243,2.1839158,0.0328825,2.4243618,0.0325747,2.7017705,0.0329154,2.9802113,0.0332246,3.2586521,0.0335338
达州市,0.0223898,0.86569774,0.021987,0.89898872,0.0219589,0.90285761,0.0235486,0.93098071,0.0236532,0.7185432,0.0245556,0.74834261,0.0250001,0.78283444,0.0241279,0.78621759,0.0229061,0.92272578,0.0215368,0.99595763,0.0248378,1.054377,0.0240922,1.0957039,0.0255608,1.1269292,0.0251443,1.1581545,0.0247278
池州市,0.0226955,1.4918134,0.0222488,1.5308296,0.0229919,1.5667403,0.0239909,1.6059487,0.0226733,1.6343,0.0243383,1.6453864,0.0266381,1.6570962,0.0236282,1.6633905,0.022814,1.7158591,0.0202382,1.7583292,0.0246009,1.8008131,0.0239234,1.8260357,0.0237846,1.8512583,0.0239152,1.8764809,0.0240457
淮安市,0.0207451,1.0467461,0.021047,1.0738242,0.021278,1.1260873,0.0221153,1.1633356,0.0213497,1.1866877,0.0215098,1.2229228,0.0228236,1.2590485,0.0216639,1.3073418,0.0224747,1.3456711,0.0224418,1.4071288,0.023766,1.4582863,0.0240393,1.498317,0.0243761,1.5383896,0.0257274,1.5784622,0.0270787
遵义市,0.0270602,0.86861138,0.0273195,0.93101739,0.0269773,0.97170181,0.0308111,1.1011588,0.031834,0.95827476,0.036204,0.98231247,0.0372953,1.0180518,0.037261,1.0257809,0.0386032,1.0529143,0.0399965,1.1226486,0.0427308,1.1569511,0.0427878,1.1838904,0.0451275,1.2108001,0.047097,1.2377098,0.0490665
莆田市,0.0164362,0.5608008,0.016287,0.58289704,0.016112,0.60216278,0.0159284,0.60725126,0.0165129,0.59142583,0.0166276,0.59834303,0.0175358,0.58431142,0.0160157,0.58681336,0.0151686,0.60154914,0.0160634,0.61595696,0.0160256,0.62639311,0.0170204,0.63489924,0.0172717,0.64382471,0.0166836,0.65275019,0.0160955
南昌市,0.0182822,0.95190226,0.0196534,0.99247131,0.0206931,1.0500435,0.0203286,1.0850168,0.0201215,1.0993111,0.020404,1.1534414,0.0214003,1.1517083,0.0215605,1.1553657,0.0217623,1.2332899,0.0225196,1.3694204,0.0234724,1.4351039,0.0240166,1.398574,0.0270492,1.3626464,0.0287605,1.3267188,0.0304717
佛山市,0.0172763,0.57773635,0.0165879,0.60164487,0.0169424,0.60744692,0.0175992,0.6162745,0.0169332,0.58820736,0.0179151,0.58483959,0.0183263,0.54566024,0.0187706,0.52328479,0.0189415,0.52998746,0.0185907,0.50882036,0.0186105,0.49749338,0.0194574,0.46999325,0.0238344,0.44510817,0.0253831,0.42022308,0.0269317
大同市,0.0194023,0.8228539,0.0210352,0.85313682,0.0199344,0.84442825,0.0199042,0.86250665,0.0210378,0.91140566,0.024253,0.92520678,0.0249511,0.8818827,0.0241414,0.89551462,0.0250824,0.89914981,0.025795,0.99196545,0.0261253,1.0801437,0.0274146,1.1135227,0.0276381,1.146895,0.0276112,1.1802673,0.0275843
昆明市,0.021086,0.99331311,0.0223549,1.0783944,0.0231361,1.1412359,0.0238184,1.1829622,0.0237552,1.2016651,0.0237079,1.2632989,0.0245354,1.2696917,0.0257318,1.2433608,0.0258601,1.370706,0.0259248,1.4818349,0.0261012,1.51931,0.0277436,1.5595538,0.0313913,1.5991332,0.033587,1.6387126,0.0357827
张家界市,0.0215682,1.3237607,0.0210776,1.3345957,0.0212657,1.3510305,0.0208891,1.5502028,0.0232748,1.4170876,0.0227249,1.4701876,0.0228763,1.4877793,0.0214272,1.5046221,0.0221856,1.6261119,0.0233979,1.7595346,0.0265848,1.7720663,0.0249087,1.7805381,0.0227834,1.7888001,0.0228534,1.7970621,0.0229235
泸州市,0.0185577,0.73338448,0.0183065,0.76629764,0.0186669,0.78434428,0.0198135,0.80333481,0.0190096,0.62319914,0.0205255,0.6455071,0.0215026,0.65063701,0.0202956,0.6378672,0.0206126,0.63701499,0.0202603,0.63821894,0.0208047,0.63852252,0.0218448,0.64388796,0.0216802,0.64921608,0.0225108,0.65454421,0.0233413
沈阳市,0.025875,0.84587353,0.0268383,0.88694604,0.0280628,0.92415844,0.0259417,0.94348942,0.025953,0.93851915,0.027083,0.95274582,0.0278406,0.94040601,0.0277411,0.95083341,0.0271987,0.96055471,0.0279041,0.95035347,0.0280421,1.0472909,0.0288108,1.0522155,0.0290842,1.0576475,0.0326074,1.0630796,0.0361305
邯郸市,0.0232154,0.75180794,0.0213429,0.77944398,0.0222144,0.81995418,0.0219001,0.82758555,0.0222933,0.78044727,0.0237189,0.75886833,0.0224649,0.59762227,0.0242647,0.60127971,0.0232837,0.64823469,0.0231729,0.70858568,0.0238375,0.73607561,0.0251059,0.76010054,0.0252881,0.78413161,0.026213,0.80816268,0.0271379
马鞍山市,0.0162832,1.6074236,0.0165336,1.6227521,0.0169205,1.6998535,0.0175338,1.7661048,0.0176464,1.7429361,0.0182286,1.7534844,0.0196209,1.8248832,0.0192314,1.8330918,0.0197239,1.8417548,0.019491,1.9456392,0.0210836,1.9138477,0.020836,1.9500904,0.0207906,1.986333,0.0213209,2.0225756,0.0218513
日照市,0.0169106,0.60842076,0.0172573,0.66401341,0.0176248,0.67568295,0.0182374,0.6804288,0.0174118,0.65986652,0.0190778,0.66628154,0.0200367,0.66123503,0.0189239,0.665312,0.0196437,0.67789664,0.0194302,0.6628769,0.0225473,0.7317059,0.021729,0.72237407,0.0225807,0.71350916,0.0226756,0.70464425,0.0227705
三亚市,0.0180115,2.997786,0.0173576,3.060156,0.0178198,4.25007,0.0176574,3.602544,0.0179418,3.860076,0.0181767,4.176018,0.018623,4.643166,0.017957,5.110314,0.0169495,5.74893,0.0172253,4.531296,0.0179415,5.267394,0.0186151,6.003492,0.0216753,6.73959,0.0219532,7.475688,0.0222272
十堰市,0.0228309,1.7299245,0.0233643,1.7960277,0.0244176,1.8865227,0.0249676,1.9586291,0.0271674,2.1118465,0.0267233,2.2013492,0.0269572,2.2682372,0.0278139,2.4121666,0.0252711,2.5739773,0.0256582,2.7548384,0.0271215,2.9668837,0.0283627,3.2182934,0.027417,3.4693243,0.0308206,3.7203551,0.0342242
呼和浩特市,0.0226151,1.5339769,0.0235995,1.6100877,0.02579,1.6757819,0.0243896,1.5980492,0.024736,1.6014202,0.0265097,1.4896415,0.0262594,1.4423331,0.0265302,1.3971166,0.0265859,1.3533962,0.0255941,1.3167235,0.027478,1.2835295,0.0281763,1.2645179,0.0288825,1.2466631,0.0301524,1.2288083,0.0314223
梧州市,0.0195658,1.1398646,0.018543,1.1420426,0.0190716,1.2854416,0.0182281,1.1232079,0.019117,1.1053694,0.0180013,1.0987817,0.0182972,1.0876282,0.0196515,1.0851097,0.0204425,1.0860361,0.0205328,1.0809037,0.0219474,1.0816718,0.0210776,1.0738625,0.0211395,1.0664776,0.0222103,1.0590927,0.023281
枣庄市,0.0173686,0.56935849,0.0176039,0.59652005,0.0189109,0.62022033,0.018552,0.63111483,0.0183484,0.61305967,0.0186855,0.62131387,0.0200912,0.60655957,0.0197874,0.61518385,0.0188275,0.66391955,0.0194654,0.67873754,0.0206278,0.69303623,0.0218572,0.70065067,0.0224383,0.708403,0.0225078,0.71615532,0.0225773
安阳市,0.0194579,0.73114122,0.0204234,0.78711517,0.0205839,0.85127376,0.019458,0.92448008,0.0201797,0.96524246,0.0207236,1.0404622,0.020433,1.1196004,0.0205311,1.2215556,0.0205485,1.5797953,0.0212474,1.6911215,0.0219894,1.7049269,0.0225804,1.8563482,0.0221379,2.0063005,0.0225628,2.1562527,0.0229877
怀化市,0.0236223,1.3494768,0.0233338,1.3943051,0.0237959,1.4309111,0.0258492,1.4595371,0.0254609,1.5217798,0.0270449,1.5603366,0.0251574,1.5350039,0.0299954,1.5450473,0.0281979,1.674024,0.0295338,1.801408,0.0334477,1.8173958,0.0318834,1.8727288,0.0326508,1.9280348,0.0315619,1.9833408,0.030473
阳泉市,0.0154026,1.2016853,0.015834,1.1572574,0.0155592,0.99327477,0.0166998,0.92307173,0.016005,0.8538586,0.0166611,0.87517136,0.0164547,0.86927795,0.0165284,0.87565364,0.0160181,0.88116341,0.0162872,0.91477652,0.0183862,0.90135462,0.0190552,0.92554273,0.0191283,0.94973091,0.0198435,0.97391909,0.0205587
鹰潭市,0.0174164,1.0907464,0.0174954,1.1373278,0.0175294,1.1857815,0.017088,1.2246465,0.0169933,1.2563586,0.0176376,1.2801651,0.0187184,1.2594097,0.0183127,1.1427341,0.0183423,1.1897331,0.0168121,1.2369194,0.016514,1.2461424,0.0191416,1.2452346,0.018058,1.2442486,0.0202705,1.2432626,0.0224831
辽源市,0.0196522,1.3515929,0.0206196,1.4632753,0.0189761,1.566906,0.0189592,1.6262334,0.0186455,1.6779866,0.0197982,1.6923046,0.0187647,1.3537581,0.0183338,1.4137714,0.0188697,1.5332631,0.0218327,1.7374297,0.0221572,1.7953654,0.0212518,1.841827,0.0222952,1.8871716,0.0224652,1.9325163,0.0226352
齐齐哈尔市,0.0384662,1.2247683,0.039631,1.462985,0.0407924,1.466463,0.0383688,1.5066785,0.040755,1.4768045,0.0427832,1.4754399,0.0425129,1.425286,0.0431446,1.5463608,0.0433414,1.7918812,0.0476982,1.9694701,0.0487272,2.0007536,0.0487916,2.046292,0.0501028,2.0909642,0.0503825,2.1356363,0.0506622
龙岩市,0.0293571,1.8325711,0.0292705,1.8733046,0.0296231,1.8977768,0.0333007,1.9173929,0.0331304,1.942562,0.03392,1.9777656,0.0328234,2.0343563,0.0297538,2.0616857,0.0277912,2.1353747,0.0276705,2.199765,0.0284783,2.2732715,0.0279826,2.3510368,0.0296508,2.4287041,0.0319439,2.5063715,0.034237
邢台市,0.0234245,0.6672162,0.023165,0.71619092,0.0234792,0.69875003,0.0235512,0.73886389,0.0228909,0.77157461,0.0242979,0.69942793,0.023812,0.64368212,0.0243139,0.68146516,0.0246164,0.71860433,0.0247401,0.77418115,0.0268197,0.80726536,0.0267031,0.83683593,0.0263149,0.86619195,0.0269131,0.89554797,0.0275113
绥化市,0.0398746,1.536887,0.0407199,1.7590481,0.0413923,1.8357049,0.0390003,1.9464989,0.0407536,2.0877503,0.0416256,2.1606729,0.0409206,2.1583121,0.0421197,2.1777929,0.0410064,2.3733582,0.0461676,2.6270122,0.0488366,2.7409153,0.0492212,2.8576072,0.04865,2.9747186,0.0500863,3.0918299,0.0515171
丹东市,0.0266851,1.9321335,0.0275798,2.0415454,0.0261077,2.1543323,0.0257101,2.2675665,0.0270726,2.3742814,0.0275315,2.5166614,0.0293102,2.6435343,0.0281795,2.8145304,0.0305005,3.0013332,0.0287391,3.189278,0.0301413,3.3892543,0.0315861,3.6108099,0.0333368,3.8322344,0.0325726,4.0536588,0.0318085
滨州市,0.0202089,1.0287874,0.0224799,1.0600634,0.0221167,1.1091483,0.0225967,1.1535489,0.0239429,1.1804913,0.0245651,1.2098185,0.0243212,1.2272997,0.0242367,1.2796271,0.0243021,1.3128143,0.0238778,1.3509945,0.0258045,1.3736395,0.0262171,1.5496421,0.0267573,1.724582,0.0265082,1.8995218,0.0262591
镇江市,0.0175201,0.98296148,0.0196568,1.0741209,0.0201046,1.1404545,0.020276,1.2054789,0.0205999,1.3252929,0.0220937,1.3858668,0.0228746,1.4402676,0.0218104,1.3931561,0.0214429,1.4276276,0.0212413,1.4977437,0.0214576,1.5705795,0.0220794,1.6191745,0.0235626,1.6677316,0.0245695,1.7162886,0.0255763
周口市,0.0268789,0.59233868,0.0256738,0.64989596,0.0260088,0.78107408,0.0241224,0.7862324,0.0232841,0.85693204,0.0241726,0.92940496,0.0244676,1.0124024,0.0237037,1.1100564,0.0234938,1.2185362,0.0206763,1.3359282,0.0232106,1.4640359,0.0234016,1.6036258,0.0247742,1.7431902,0.0228029,1.8827545,0.0208317
长沙市,0.0219897,0.83774215,0.0218579,0.88034138,0.0225756,0.92857364,0.0235148,0.97085274,0.0238722,1.031053,0.0245007,1.084578,0.0254924,0.95644668,0.0256585,0.95191559,0.0248366,1.040134,0.0257558,1.2256321,0.0265796,1.2233883,0.0264816,1.2853434,0.0351186,1.3453923,0.0365066,1.4054411,0.0378945
海口市,0.0140365,0.39247497,0.0161394,0.40503838,0.0168516,0.39539607,0.0181056,0.39090672,0.0152331,0.38458605,0.0162148,0.38802078,0.0181628,0.37635471,0.0164527,0.37373245,0.0169686,0.37254574,0.0177436,0.36412007,0.0176307,0.34612922,0.0180196,0.33696871,0.0204011,0.32886294,0.021007,0.32075716,0.0216128
乐山市,0.0197678,1.0394997,0.0192358,1.0858572,0.0200765,1.1190242,0.0210947,1.1532663,0.020785,0.90866007,0.0217105,0.93776398,0.0220449,0.95523071,0.021659,0.9553594,0.0230744,0.95737663,0.0246128,0.95555116,0.0247009,0.95502035,0.023996,0.95707285,0.023137,0.95885697,0.0241758,0.96064108,0.0252145
桂林市,0.0270433,1.3972756,0.0274128,1.3830002,0.0294036,1.3829964,0.0291741,1.3685091,0.0302768,1.3557703,0.0309692,1.3390102,0.0320855,1.3301072,0.0319941,1.3248262,0.0306717,1.3335842,0.0323368,1.3228326,0.0354155,1.3207968,0.0353568,1.311674,0.0369369,1.3030471,0.03607,1.2944202,0.035203
东营市,0.0205995,1.6656694,0.0206651,1.7790484,0.0209235,1.8510077,0.0203825,1.9394401,0.0196965,1.9579475,0.0207059,2.060751,0.0219926,2.0944215,0.0221058,2.1597173,0.0214898,2.249619,0.0222956,2.4203284,0.0231342,2.5767201,0.0252314,2.7933131,0.0266456,3.0086487,0.0259153,3.2239844,0.0251849
鹤壁市,0.0175968,1.2508831,0.0175032,1.3064394,0.0168663,1.36295,0.0168291,1.3144547,0.0169184,1.3167605,0.0169526,1.3494138,0.0175226,1.5828854,0.0203991,1.6187005,0.0182263,1.6462168,0.0156901,1.8048907,0.0165954,1.6541765,0.0174544,1.7521418,0.0169948,1.8496597,0.016886,1.9471777,0.0167773
娄底市,0.0188028,0.75683915,0.020031,0.79273136,0.0185981,0.83333461,0.0198976,0.8748529,0.0191182,0.91772361,0.0202237,0.96703778,0.0206776,0.77806453,0.0209566,0.77086828,0.0194256,0.86218877,0.0202284,0.95446642,0.0219267,0.97064029,0.0219448,0.94582727,0.0222321,0.92132175,0.023504,0.89681622,0.0247759
包头市,0.0217029,2.0998896,0.0229783,2.5614981,0.0227725,2.5917232,0.0222233,2.598268,0.024202,2.59311,0.0249089,2.5624096,0.0251374,2.5684371,0.0251101,2.6049114,0.0254622,2.6639473,0.0265603,2.6817617,0.0256564,2.7422184,0.0269639,2.720184,0.0267443,2.6981495,0.0275809,2.676115,0.0284176
长治市,0.0212376,0.69658183,0.01982,0.72265743,0.0213158,0.72730059,0.0208775,0.74334361,0.0221024,0.73672143,0.0236026,0.76290036,0.0235432,0.76812349,0.0222344,0.77489245,0.0243885,0.73256779,0.0237562,0.82393149,0.0244651,0.87912196,0.0258789,0.89582378,0.0264685,0.91253595,0.0281943,0.92924813,0.0299201
赣州市,0.033129,1.1362473,0.0323529,1.1543443,0.0345062,1.1781524,0.0343185,1.1869272,0.0349502,1.1888299,0.0368796,1.3479897,0.0390956,1.3817647,0.0371888,1.2426179,0.0362866,1.2720663,0.0377045,1.3401685,0.0385669,1.376646,0.0382877,1.4284864,0.0398159,1.475717,0.0402241,1.5229476,0.0406324
通化市,0.022807,1.7822857,0.0241383,1.8566604,0.023303,1.9358241,0.0230608,1.9760137,0.0220519,1.9964603,0.0226537,1.9553859,0.0215982,1.8357338,0.02073,1.8997576,0.0237789,1.9675815,0.0214242,2.1307188,0.0240073,2.1661174,0.026863,2.1944517,0.0270595,2.2221779,0.0275161,2.2499042,0.0279728
上海市,0.0178049,0.43174696,0.0186113,0.39578183,0.0194188,0.41823206,0.0196143,0.43151233,0.0196552,0.4209039,0.0205124,0.4340084,0.0209318,0.4232381,0.0208726,0.43271673,0.0211414,0.45062495,0.0210405,0.4717936,0.0212564,0.49034137,0.0221072,0.49904755,0.0446752,0.5076759,0.0505422,0.51630424,0.0563819
鸡西市,0.0415217,2.5386317,0.0419956,2.7162352,0.0433277,2.7330755,0.0429219,2.8526691,0.0459481,2.9260105,0.0469454,2.9343075,0.0465985,2.8983013,0.0466992,3.9102787,0.0489971,4.1592497,0.0503169,4.4069764,0.0513121,4.351238,0.0478589,4.5788453,0.0487222,4.8049993,0.0514974,5.0311534,0.0542726
宁德市,0.0217033,1.3287572,0.0228621,1.3515031,0.0235643,1.3601226,0.0246269,1.3643297,0.0245241,1.3786181,0.0244792,1.4046954,0.0283879,1.4192096,0.0257868,1.4328561,0.0266918,1.4496854,0.0278765,1.4685498,0.027465,1.4880326,0.0292339,1.5036498,0.0294391,1.5194396,0.0313091,1.5352295,0.0331792
保定市,0.0283767,0.71081664,0.0284731,0.75878945,0.0285862,0.811966,0.0274659,0.84565637,0.0278183,0.8428329,0.0288114,0.86757679,0.0300052,0.69810086,0.030304,0.73237184,0.0300013,0.76942626,0.0305338,0.84159765,0.0306397,0.87243509,0.0319185,0.8941622,0.0333331,0.9158977,0.0363726,0.93763319,0.039412
菏泽市,0.0239679,0.3472692,0.022898,0.34844258,0.0228677,0.35182964,0.0218014,0.35002966,0.0213023,0.34082078,0.0217877,0.33830937,0.0231453,0.33433332,0.0227896,0.33218584,0.0225373,0.33247903,0.0232065,0.33222227,0.0222717,0.33229107,0.0239394,0.33216254,0.0241437,0.33213034,0.0254091,0.33209813,0.0266746
崇左市,0.0287981,1.6125869,0.0289335,1.6226235,0.0283277,1.6348516,0.0281413,1.632585,0.0277821,1.640648,0.0292493,1.6477655,0.0293955,1.6660542,0.0296096,1.6673684,0.0292196,1.6701777,0.0300949,1.6702897,0.0305233,1.6818286,0.0321912,1.6903669,0.035621,1.6990603,0.0452499,1.7077537,0.0548789
黑河市,0.0778734,6.3083991,0.0790492,6.6249988,0.0783845,6.6236455,0.07572,6.7832482,0.0756927,6.974925,0.0762718,7.0936873,0.0773937,7.2948765,0.0770249,8.4183189,0.0766699,8.7228367,0.0774901,9.2000672,0.0785715,9.3588841,0.079523,9.8325,0.0785125,10.30875,0.0789024,10.785,0.0792806
扬州市,0.0185544,1.0196615,0.0188962,1.1017378,0.020528,1.1832409,0.0201099,1.2452721,0.0198044,1.3050061,0.0205533,1.3544627,0.0218644,1.394305,0.0213621,1.4604378,0.0218488,1.5066538,0.022307,1.5796961,0.022385,1.6489041,0.0227705,1.7307614,0.0239262,1.8124255,0.0250058,1.8940897,0.0260854
驻马店市,0.0284814,0.69043583,0.0286482,0.66745528,0.0286407,0.71698939,0.0302213,0.70503032,0.0267871,0.7521538,0.026444,0.78888207,0.0267389,0.90687842,0.025877,0.93781654,0.0258468,1.0196594,0.0248169,1.0707954,0.0266826,1.1759449,0.0274251,1.2445786,0.0271677,1.3536176,0.0277941,1.4626567,0.0284206
株洲市,0.0217652,0.94302028,0.0227067,0.98015805,0.0226757,1.0101057,0.023386,1.0674707,0.0238655,1.0953505,0.0250475,1.1567231,0.0264465,1.0979754,0.0257786,1.1123923,0.0255412,1.2706501,0.0273044,1.4277613,0.0270558,1.4430648,0.0272864,1.4405724,0.0299584,1.4381643,0.0290193,1.4357561,0.0280802
锦州市,0.0256889,1.4272768,0.0264454,1.4940022,0.0259515,1.5456434,0.0266377,1.59702,0.0268791,1.6507666,0.0244234,1.7309329,0.0295848,1.7946679,0.0280503,1.8152301,0.0270099,1.9368866,0.0296507,2.0535259,0.0297535,2.1793523,0.0304471,2.3235451,0.0305492,2.4686519,0.030842,2.6137587,0.0311348
肇庆市,0.0217413,1.2825261,0.0208297,1.3007128,0.0216792,1.3096886,0.0214144,1.3263684,0.022435,1.3261388,0.0222987,1.3372846,0.0245331,1.3387827,0.0235149,1.3589662,0.0233683,1.363887,0.0258777,1.3842854,0.0256669,1.39819,0.0253345,1.4180423,0.0271279,1.4387551,0.0267811,1.459468,0.0264344
宜昌市,0.0253762,1.7634861,0.0271586,1.8129978,0.0269576,1.8641311,0.0281615,1.9074551,0.0281008,1.8858737,0.0297373,2.2095009,0.0310128,2.1374231,0.0319877,2.2173867,0.0312228,2.2935594,0.0303409,2.4298401,0.034084,2.580058,0.0333002,2.734319,0.0352212,2.8890852,0.0361452,3.0438514,0.0370692
柳州市,0.0204783,1.5884704,0.021526,1.5938636,0.0215141,1.6160902,0.0227395,1.6165106,0.0235205,1.5784055,0.0239247,1.5684318,0.0262149,1.563605,0.0252963,1.6159303,0.0223811,1.5415976,0.0252265,1.5374744,0.0246343,1.5483129,0.024935,1.4977988,0.0274161,1.4487258,0.026974,1.3996529,0.0265318
平凉市,0.0274596,0.78265938,0.0269226,0.86017049,0.0274129,0.93224756,0.0276901,0.98559974,0.0284976,1.0508981,0.0302523,1.11599,0.0311377,0.90835577,0.0299614,1.0468117,0.0280101,1.0832551,0.0277527,1.2056937,0.0294741,1.3718839,0.0294976,1.4777228,0.0304404,1.5834715,0.0316651,1.6892201,0.0328897
眉山市,0.0222233,0.74619137,0.0204272,0.81862752,0.0215679,0.86028834,0.019009,0.89635011,0.0213451,0.63611404,0.0208909,0.66824877,0.0221917,0.69312322,0.0222564,0.6954853,0.0221937,0.69862936,0.0216704,0.70028764,0.0217509,0.70297633,0.0215887,0.70300083,0.0221534,0.70279541,0.023838,0.70258999,0.0255225
青岛市,0.021164,0.84180952,0.0218052,0.89490951,0.0229811,0.91275161,0.023719,0.93649384,0.022587,0.94110545,0.0239198,0.97685712,0.0249653,0.98102519,0.0248236,1.0150635,0.0248919,1.0346559,0.0251354,1.0516182,0.0256021,1.1145367,0.0258035,1.1260212,0.0340182,1.1392794,0.0356571,1.1525376,0.0372961
新乡市,0.0212596,0.61018966,0.0211915,0.64712783,0.0205073,0.70052954,0.0194946,0.72110406,0.0210504,0.73046458,0.0220192,0.77651821,0.0224836,0.80139527,0.0228437,0.86843747,0.022906,0.88064406,0.022179,0.9255054,0.0227029,0.92950347,0.0229681,0.95903931,0.024274,0.98802981,0.0248377,1.0170203,0.0254014
乌海市,0.0097051,0.80126091,0.0096876,0.77926519,0.0097028,0.82368699,0.0092363,0.80293695,0.0093104,0.79408533,0.0095955,0.79242316,0.0099321,0.80522739,0.0090125,0.80391039,0.0100749,0.79872818,0.0094819,0.77777098,0.0101862,0.77516013,0.0110519,0.74179528,0.011948,0.70781132,0.0134643,0.67382736,0.0149806
晋城市,0.0180345,0.83851913,0.0183749,0.89601987,0.019017,0.90871897,0.0187708,0.89382992,0.018474,0.95361493,0.0207932,0.96069373,0.0207883,0.95622914,0.0212272,0.9348591,0.0213064,0.92619752,0.0195695,1.0127381,0.0213902,1.0546887,0.0220045,1.0947952,0.0225641,1.1348467,0.0236311,1.1748982,0.0246982
广州市,0.0181253,0.38690067,0.0187763,0.407502,0.0191301,0.40489735,0.019788,0.4066997,0.019659,0.41163265,0.0205881,0.40084722,0.0209564,0.41329414,0.0212253,0.42509719,0.0213083,0.42584603,0.0219149,0.45280871,0.0222097,0.4607958,0.0230255,0.46614218,0.0430089,0.47092791,0.0505055,0.47571365,0.0580022
吉林市,0.0289843,1.888686,0.0293919,1.9877046,0.0305768,2.079666,0.027252,2.1171243,0.027932,2.1607332,0.0285543,2.1367368,0.0287828,1.839803,0.0283453,1.9076745,0.0287463,2.002934,0.0325322,2.1912721,0.0330658,2.2008893,0.0326313,2.11546,0.0372567,2.0309442,0.0339465,1.9464284,0.030568
九江市,0.0217902,1.4266625,0.0220108,1.4552326,0.0227034,1.4993536,0.0234048,1.5421597,0.0229174,1.5706763,0.0234102,1.6056068,0.0247746,1.6381764,0.0250689,1.6728489,0.0248862,1.7194366,0.0248389,1.7876228,0.0264618,1.8499775,0.0266409,1.8122145,0.026848,1.7749092,0.0282281,1.7376039,0.0296082
漳州市,0.0233485,1.3836348,0.0246072,1.408551,0.0240467,1.4313293,0.0268024,1.4354751,0.0267461,1.4397017,0.0273469,1.4535672,0.0285769,1.4522113,0.0256765,1.4644261,0.0247126,1.4817077,0.0245222,1.4956763,0.024725,1.5161258,0.0247596,1.5328016,0.0254123,1.5492233,0.0259316,1.5656451,0.026451
来宾市,0.0293271,1.0995471,0.0292875,1.1050334,0.0280909,1.1614581,0.0294647,1.3768506,0.0304817,1.377224,0.030482,1.373282,0.0321645,1.1209709,0.0303835,1.1129191,0.0295781,1.1073891,0.0290157,1.102038,0.030195,1.1028148,0.0294227,1.1048904,0.0301155,1.106966,0.0283504,1.1090416,0.0265853
张家口市,0.0339009,1.459792,0.0366425,1.5493404,0.0345543,1.6780251,0.0340572,1.7001124,0.0331068,1.6939619,0.03637,1.7638664,0.0367482,1.5904938,0.0376634,1.6680195,0.0362565,1.7323643,0.0382547,1.8173685,0.039577,1.8677886,0.0396025,1.9241756,0.0410721,1.9804827,0.0420098,2.0367898,0.0429474
德州市,0.0221619,0.88581787,0.0222801,1.0438727,0.0230641,1.0066923,0.0224061,1.0770462,0.0223666,1.1465105,0.024246,1.2302499,0.023899,1.3223782,0.0238976,1.4290924,0.0240326,1.5605156,0.0242733,1.7062238,0.0253532,1.8729144,0.0261506,2.0644358,0.0265274,2.2549904,0.0266915,2.4455449,0.0268556
固原市,0.0434459,1.0527673,0.0458118,1.1148444,0.0452914,1.2417195,0.0438944,1.2696072,0.0432534,1.3311909,0.0432744,1.400613,0.0429925,1.4215609,0.0444013,1.4983751,0.0453706,1.5539562,0.042698,1.759487,0.0462373,1.6472134,0.0477085,1.7576795,0.049492,1.8681456,0.0505393,1.9786117,0.0515865
抚顺市,0.0211584,1.8325067,0.0208867,1.9526604,0.0216598,2.007851,0.0214312,2.0429744,0.0199978,2.0508918,0.021534,2.119353,0.0219504,2.13985,0.0210466,2.2032723,0.0208992,2.3050254,0.0221127,2.3531204,0.0241182,2.3967861,0.0222805,2.408116,0.023377,2.4179646,0.0228855,2.4278132,0.0223939
安庆市,0.0191241,1.0442403,0.01946,1.0953652,0.021459,1.1578613,0.0207189,1.2074584,0.0204557,1.2351238,0.0219433,1.4956491,0.0212292,1.487688,0.0216547,1.4416424,0.0221236,1.5047568,0.0211084,1.6536026,0.0234797,1.7050906,0.0232441,1.7591141,0.0227395,1.8131375,0.0237749,1.867161,0.0248103
克拉玛依市,0.0114525,5.7207833,0.0112169,5.9411979,0.0124317,6.1274958,0.0107015,6.1490091,0.0134149,5.9872181,0.0135798,5.9131393,0.0134481,7.8266832,0.0144388,7.9725074,0.0140266,8.2320019,0.014244,8.6328644,0.014778,8.9854869,0.0150124,9.2883735,0.0146574,9.5856384,0.0180718,9.8829032,0.0214861
湘潭市,0.0185719,0.81498019,0.0198146,0.84807349,0.0193613,0.90358622,0.0200572,0.96661004,0.0189887,1.0451899,0.0208734,1.1045642,0.0218092,0.94362183,0.0207763,0.95608149,0.0198809,1.0875064,0.0210124,1.2411674,0.0217484,1.2658413,0.0218842,1.2271197,0.0222614,1.188366,0.0218748,1.1496122,0.0214881
惠州市,0.0198641,1.0252039,0.0202463,1.0326041,0.0223367,1.0503272,0.0247545,1.0494653,0.0228606,1.0233843,0.0241538,1.0158412,0.0248261,0.99872054,0.0235039,0.98230336,0.0242292,0.96095951,0.0243434,0.94903655,0.0235422,0.94433711,0.0238813,0.93560569,0.0250505,0.92802764,0.0247384,0.92044959,0.0244263
襄阳市,0.0240566,1.0127791,0.0235032,1.0609826,0.0233969,1.1227631,0.0248036,1.1901844,0.0246847,1.2587451,0.0257827,1.3528563,0.0263864,1.4424641,0.027278,1.5525359,0.0267116,1.6820155,0.0269179,1.8280702,0.0291744,1.9958814,0.0295267,2.1794891,0.0295506,2.3631748,0.030167,2.5468604,0.0307834
南宁市,0.0224614,0.90037587,0.0232446,0.91321564,0.0239391,0.89789786,0.0252317,0.89855444,0.0256331,0.89364348,0.0265007,0.89187202,0.0269337,0.88145052,0.0273867,0.86931471,0.0270905,0.86398954,0.0272986,0.85899865,0.0269543,0.85765731,0.0280055,0.86138064,0.031456,0.86619883,0.0314553,0.87101703,0.0314546
南充市,0.0218838,0.65631466,0.0207824,0.72371891,0.0207293,0.77846618,0.0230387,0.81643493,0.0225652,0.57771529,0.0236277,0.61139615,0.0229305,0.62819996,0.022756,0.63837933,0.0208535,0.64678784,0.0204226,0.65677553,0.0233641,0.66654223,0.0246342,0.68220536,0.0237647,0.69783449,0.0255284,0.71346362,0.027292
酒泉市,0.0569238,35.350145,0.0566038,35.346887,0.0569721,31.710468,0.0531834,31.656015,0.0523524,31.637001,0.0547083,31.668303,0.0565014,35.351322,0.0549536,35.488865,0.0557273,35.994538,0.0586415,35.799373,0.0619387,35.772024,0.0650004,35.771515,0.0675104,35.781379,0.0709685,35.791243,0.0744267
淄博市,0.0182611,0.96195625,0.0180421,0.74697256,0.0189632,0.78995032,0.0187499,0.78696496,0.0182921,0.76134453,0.0198779,0.75447622,0.0198052,0.722976,0.0202648,0.73143106,0.0202857,0.76808682,0.0204198,0.74909357,0.0207477,0.79095132,0.021366,0.8970267,0.0235864,1.0031363,0.02292,1.1092459,0.0222537
焦作市,0.0167784,0.7909674,0.0165594,0.85951327,0.0176711,0.93309625,0.0174083,0.99582124,0.01767,1.0410465,0.0185143,1.1111665,0.0192021,1.1746642,0.0188255,1.2631942,0.0191135,1.365784,0.0190435,1.4731485,0.0198957,1.5832776,0.0205027,1.7002831,0.0198076,1.8176135,0.0200249,1.9349439,0.0202422
赤峰市,0.0350113,3.0305573,0.0356988,3.1344008,0.0352834,3.2407921,0.0362799,3.2207742,0.0359475,2.9602624,0.0350016,3.1145162,0.0373107,3.1989115,0.0384654,3.2941416,0.0399935,3.3887372,0.0393324,3.5147932,0.0389696,3.6150263,0.0416039,3.7020679,0.0420086,3.7891095,0.045239,3.8761511,0.0484694
韶关市,0.0253576,1.6618183,0.0254641,1.7076827,0.0241216,1.7528375,0.0237695,1.7816829,0.0233012,1.7960217,0.0254635,1.8201799,0.0274521,1.8286879,0.0251045,1.8649359,0.0250264,1.9153818,0.0269168,1.9642179,0.0275634,2.015343,0.0267596,2.0625696,0.0311391,2.1100869,0.0301576,2.1576042,0.0291762
朔州市,0.0240536,1.0012499,0.0228398,1.0869734,0.022339,1.2169288,0.0228961,1.2384719,0.0234235,1.1654029,0.0242687,1.2762706,0.0246743,1.1640923,0.023121,1.2748184,0.0238437,1.187014,0.02503,1.5105722,0.0256081,1.6274931,0.0276364,1.682173,0.0288504,1.7372085,0.0290613,1.7922441,0.0292722
四平市,0.0338097,1.594472,0.0327295,1.7009601,0.032542,1.8287051,0.0327157,1.9024753,0.0318278,1.9795643,0.0322823,1.9616766,0.0340415,1.4708757,0.0333706,1.5551679,0.033359,1.7622769,0.0369488,2.0313706,0.0390039,2.0444112,0.0405293,2.075041,0.0406655,2.1052682,0.0384877,2.1354955,0.0363099
新余市,0.0165181,1.2125275,0.0163464,1.1979887,0.0179907,1.1836052,0.0170129,1.172187,0.0183776,1.1599282,0.0186572,1.1478287,0.018102,1.2033081,0.0177054,1.2013748,0.0178375,1.1229873,0.0182253,1.1830417,0.0171546,1.1824917,0.0177413,1.1795663,0.0194379,1.1766408,0.0174954,1.1737153,0.0155529
南平市,0.0294993,2.3155019,0.0308899,2.3731087,0.0307476,2.4168125,0.0340992,2.4599446,0.0360526,2.5090608,0.0365536,2.5755694,0.042996,2.6651076,0.0369312,2.7599299,0.0334261,2.8669775,0.0371751,2.9802812,0.0355599,3.1087596,0.0362017,3.2457954,0.0384714,3.3828765,0.0381637,3.5199577,0.0378559
哈尔滨市,0.0334323,1.4791082,0.033823,1.5785732,0.0342512,1.6639562,0.0332303,1.7508795,0.0331197,1.8687579,0.0342536,1.9309849,0.0346532,1.7676042,0.034645,1.6426252,0.0351919,1.7363725,0.0364045,1.8305584,0.0375828,1.8609741,0.0383867,1.8963307,0.0426763,1.9316021,0.0442075,1.9668735,0.0457386
成都市,0.0202876,0.64610208,0.0211134,0.67634658,0.0212886,0.64685514,0.0217924,0.70414411,0.0220752,0.4764498,0.0228504,0.47951471,0.0244426,0.46419833,0.0245596,0.44027119,0.0246493,0.43490481,0.0250875,0.43707401,0.0257153,0.44514293,0.0259161,0.44690498,0.0383306,0.44995226,0.0437408,0.45299955,0.049151
河池市,0.0334045,1.6893088,0.0344758,1.7348373,0.037311,1.7242281,0.036034,1.6858863,0.0346927,1.6665646,0.0384934,1.644295,0.0382088,1.6382127,0.0386318,1.625324,0.0374526,1.6194183,0.0380705,1.6082709,0.038015,1.6006638,0.0356266,1.5891355,0.0370844,1.57795,0.0364042,1.5667644,0.0357241
中卫市,0.0451266,1.9551877,0.0454399,1.9721962,0.0451397,2.0296022,0.0440658,2.2014474,0.0446197,2.296492,0.045994,2.2694763,0.0450998,2.2721879,0.0483594,2.2186661,0.0501713,2.3279915,0.0503762,2.5246656,0.0532546,2.6439291,0.0553016,2.7852842,0.0565021,2.9266393,0.0590933,3.0679944,0.0616846
本溪市,0.0166216,2.5846427,0.0165211,2.8412193,0.0181664,3.0229426,0.0152372,3.2264969,0.0175159,3.3909366,0.0178851,3.5554566,0.0187905,3.5946179,0.0188511,4.1837163,0.0166483,3.7813899,0.018809,4.1044182,0.019792,4.4217128,0.0205019,4.791684,0.0210826,5.1558808,0.0186947,5.5200775,0.0163067
承德市,0.0326215,2.3401058,0.0330887,2.4175386,0.033576,2.5202856,0.0313802,2.5633098,0.0318486,2.5910642,0.0328496,2.7884104,0.0336466,2.4816879,0.035294,2.6060668,0.0342427,2.7252319,0.0370403,2.8782369,0.0371639,3.0248361,0.0411132,3.1670532,0.0397496,3.3094005,0.0414822,3.4517478,0.0432149
聊城市,0.0230264,0.67839774,0.0229411,0.72457931,0.0237551,0.77670904,0.0241278,0.81524649,0.0231272,0.84903994,0.0240975,0.893404,0.0251341,0.94044568,0.0242295,0.99888494,0.0243586,1.0698027,0.0251918,1.1431512,0.0275092,1.2230772,0.027125,1.3102346,0.0273598,1.3966852,0.0267814,1.4831357,0.026203
衡阳市,0.0224872,0.83211419,0.0207577,0.89508037,0.0245213,0.93733986,0.0238621,0.98527117,0.0236417,1.0600613,0.0240819,1.1070953,0.0257785,0.9329682,0.0252104,0.9544788,0.024357,1.063643,0.0246077,1.2097595,0.0260132,1.2297006,0.0266038,1.2626211,0.026383,1.2955576,0.0267497,1.3284942,0.0271163
杭州市,0.0244764,1.1923328,0.0253512,1.2342749,0.0258473,1.2668636,0.0282253,1.2919971,0.02856,1.3759555,0.0288929,1.3647138,0.0292927,1.3209995,0.0285028,1.2918337,0.0283929,1.286102,0.028624,1.2671628,0.0299807,1.2273609,0.0299853,1.1912426,0.0483822,1.1574201,0.0482946,1.1235976,0.0482069
武威市,0.0317586,3.247926,0.0305409,3.390983,0.0309812,3.4676858,0.0297081,3.5579974,0.0290643,3.7811948,0.0303968,3.6802821,0.0306742,3.6602067,0.033433,3.7849535,0.035538,4.0463414,0.0364884,4.167744,0.0367486,4.4376917,0.035307,4.6220466,0.0360391,4.8068722,0.0398892,4.9916977,0.0437394
黄山市,0.0219968,2.0238933,0.0226067,2.1040378,0.0240167,2.1845479,0.0236243,2.2126046,0.0243834,2.2068359,0.0245275,2.2344649,0.0251433,2.231667,0.0232504,2.2266205,0.022442,2.3025185,0.0219984,2.3852065,0.0261847,2.4516823,0.0232895,2.507307,0.0224212,2.5631627,0.0214296,2.6190184,0.020438
徐州市,0.0178634,0.74430504,0.0193288,0.8224802,0.0206929,0.90226643,0.0214415,1.0025094,0.0210061,1.0607401,0.0225208,1.1185082,0.0227478,1.2036737,0.0234872,1.2718255,0.0240748,1.2490089,0.0239459,1.3276797,0.0248199,1.3701577,0.0249083,1.5050438,0.026903,1.6397888,0.0272236,1.7745338,0.0275441
济宁市,0.0232786,0.83658124,0.0222662,0.85304104,0.0232871,0.86742413,0.0225608,0.88233527,0.0220415,0.89118975,0.0233072,0.91350069,0.0246226,0.93059758,0.0234918,0.97717424,0.0237629,1.0295729,0.024897,1.087936,0.024955,1.1706109,0.0267841,1.175832,0.0271553,1.1815813,0.0284664,1.1873305,0.0297775
揭阳市,0.0162262,0.34129265,0.0145874,0.42112908,0.0170891,0.33895356,0.0138174,0.33366716,0.0142501,0.32738821,0.0150524,0.32674338,0.0142738,0.32575604,0.0168922,0.32328173,0.0146032,0.32100057,0.0167112,0.32232828,0.017743,0.32266079,0.0159622,0.32463132,0.0180859,0.32658807,0.0189563,0.32854481,0.0198268
郑州市,0.0182381,0.5785328,0.0186128,0.62288937,0.0197202,0.66111521,0.018753,0.69811778,0.0198164,0.71081696,0.0204954,0.73672231,0.0207079,0.75813891,0.0213308,0.79062882,0.0222299,0.80449312,0.0209821,0.83856242,0.0215747,0.89463776,0.0227224,0.95207672,0.0267496,1.0069481,0.0274055,1.0618194,0.0280614
通辽市,0.0344448,2.7273104,0.0343034,2.8783084,0.0340741,2.9164422,0.0353885,2.9693841,0.0379699,2.9613208,0.0369472,2.9500388,0.0378195,3.0106879,0.038265,3.0726922,0.0412659,3.1370068,0.0407098,3.2271564,0.0409155,3.2835223,0.0443482,3.3100541,0.0451497,3.3365979,0.0471623,3.3631418,0.0491749
贵港市,0.0204778,0.57501143,0.0218976,0.57932165,0.0224183,0.58234919,0.0219382,0.58043588,0.0220227,0.5724941,0.0231383,0.57062587,0.0223072,0.56166166,0.022995,0.55811234,0.0222416,0.55971314,0.0221354,0.55899089,0.0225496,0.56056306,0.0216436,0.55490815,0.0229711,0.54963013,0.0220434,0.54435211,0.0211157
安康市,0.0344937,1.6808151,0.0332872,1.7312878,0.0329731,2.0721197,0.0310189,2.0953194,0.0306057,1.8380868,0.0289112,1.8700642,0.0287853,1.9049008,0.0285272,2.039794,0.0287369,2.1288907,0.0310425,2.1967101,0.0313514,2.2709486,0.0311363,2.354691,0.0351554,2.4384245,0.0383045,2.5221579,0.0414535
晋中市,0.0227283,0.94532116,0.0238254,1.0064585,0.0242258,1.0457353,0.0248622,1.0855769,0.02634,1.0966974,0.0263728,1.1206901,0.0264504,1.1304545,0.0272334,1.1489691,0.0264964,1.0605678,0.0277132,1.1755026,0.0252453,1.23371,0.029273,1.2776103,0.0300717,1.3214441,0.0318572,1.3652778,0.0336427
大庆市,0.0229976,2.188462,0.0247713,2.2297195,0.0243771,2.4284907,0.0249647,2.5265691,0.025217,2.4336805,0.0266164,2.4742025,0.027141,2.3901226,0.0267866,2.4741553,0.0269799,2.5961017,0.0283744,2.8225535,0.0303085,2.8752178,0.0306905,3.0243162,0.0305622,3.1736476,0.0324645,3.3229789,0.0343669
普洱市,0.0406739,3.5137789,0.0406045,3.7384568,0.0414999,3.8079347,0.0422011,3.8884115,0.0414345,3.9590022,0.0414488,4.0404697,0.0429316,4.0814333,0.0434028,4.0412583,0.0451841,4.2448839,0.0375541,4.4740283,0.0420984,4.6260028,0.0414739,4.780736,0.0436931,4.940908,0.0417965,5.10108,0.0398999
白城市,0.035765,1.9167179,0.0345689,2.0742305,0.0345584,2.2807984,0.0323216,2.3284189,0.0324202,2.3577651,0.0325297,2.3021251,0.0331288,2.1741202,0.0329347,2.2458524,0.03519,2.3453551,0.038598,2.5683764,0.0410533,2.6520672,0.0416285,2.9550192,0.0432712,3.2604056,0.0435107,3.5657919,0.0437502
石嘴山市,0.0204848,1.3090689,0.0203032,1.3544123,0.0205449,1.334768,0.0196455,1.3435552,0.0208172,1.3532941,0.0212067,1.4071609,0.0208752,1.4369152,0.0213387,1.7515384,0.0218469,1.691594,0.0242376,1.9228149,0.0245286,1.9509055,0.0256802,1.9543306,0.0244639,1.9577557,0.0276759,1.9611808,0.0308878
荆州市,0.029144,1.090817,0.0286001,1.1407685,0.0275051,1.2073619,0.0271982,1.282418,0.0259117,1.369241,0.0282576,1.4678714,0.0297223,1.5765118,0.0299722,1.7046188,0.0292897,1.8729953,0.0279554,2.0684763,0.0298167,2.2982738,0.0310577,2.5480763,0.0302937,2.7973498,0.0316027,3.0466233,0.0329117
沧州市,0.0217597,0.81356596,0.023757,0.86423039,0.023817,0.93368178,0.023908,0.947127,0.0227973,0.93817648,0.0239963,0.91957955,0.0231753,0.80609694,0.0241978,0.81756073,0.0247158,0.85729749,0.0246021,0.91506299,0.0263798,0.95984187,0.0264754,0.99831806,0.0277431,1.0367243,0.0291261,1.0751306,0.0305091
三门峡市,0.0187763,1.119374,0.0181373,1.1527209,0.0204024,1.1939137,0.0183362,1.2293533,0.0192972,1.260914,0.0197762,1.2949408,0.0201301,1.3199729,0.0209629,1.3719853,0.0198979,1.4265209,0.0214177,1.4783048,0.020561,1.5641761,0.0217665,1.6123192,0.0218971,1.66033,0.0225796,1.7083408,0.023262
云浮市,0.0238882,0.91454965,0.0232398,0.91150174,0.0222864,0.91157077,0.0217099,0.9004129,0.0222172,0.8864414,0.0219895,0.87637317,0.0212836,0.87222306,0.0204779,0.9324931,0.0216792,0.89528578,0.0207894,0.941567,0.0221891,0.9455265,0.0227335,0.86044539,0.0237643,0.77646275,0.0233481,0.69248012,0.022932
张掖市,0.0360539,5.1286419,0.0346847,5.2603135,0.0357092,5.3701296,0.0329614,5.4160362,0.0334159,5.5049416,0.0337571,5.545402,0.0362505,5.2253701,0.0351522,5.4512608,0.0361374,5.8657672,0.0368856,6.0436679,0.0358857,6.3990892,0.0381818,6.5545153,0.0396521,6.7099413,0.0416842,6.8653673,0.0437164
滁州市,0.026064,1.0350283,0.0263735,1.1010188,0.0276748,1.1731768,0.0283114,1.2219613,0.0283757,1.255514,0.0299518,1.283088,0.0303378,1.2856063,0.0296536,1.2887609,0.0289458,1.3795727,0.0271715,1.476472,0.0298096,1.5321731,0.0308646,1.5517892,0.0331804,1.5714809,0.0387546,1.5911726,0.0443289
泰安市,0.021115,0.58459087,0.0203482,0.59480622,0.0204247,0.60716084,0.0204484,0.61710009,0.020896,0.61402014,0.0208153,0.61784577,0.0214374,0.6131236,0.0215997,0.62449752,0.0216429,0.62979866,0.0222798,0.63833667,0.0229774,0.64751665,0.0245349,0.65762113,0.0251709,0.66779592,0.0258023,0.6779707,0.0264337
无锡市,0.0178146,0.97112198,0.0186867,1.0303655,0.0196222,1.0805034,0.0197691,1.1101849,0.0197679,1.0933433,0.020378,1.090941,0.0207818,1.0585159,0.0202405,1.0348651,0.0202175,1.0184671,0.0197071,1.0486181,0.0200426,1.0707189,0.0206371,1.0813959,0.0256508,1.0917789,0.0283757,1.1021619,0.0311007
鄂尔多斯市,0.0309927,8.5061142,0.0320009,8.4630432,0.0329318,8.6113753,0.0336534,8.51402,0.0341309,8.3984404,0.033992,8.3805139,0.0341224,8.3766306,0.0356719,8.3495951,0.036835,8.3819307,0.0369177,8.3579223,0.0373548,8.3788385,0.0385559,8.3486705,0.03971,8.321389,0.0421927,8.2941074,0.0446753
开封市,0.0219282,0.92286506,0.0223979,0.99460963,0.0223209,1.0706547,0.0225478,1.1496291,0.022112,1.2220846,0.0235619,1.3064321,0.0227001,1.3928288,0.0231368,1.5037899,0.0221074,1.633794,0.0216398,1.7725171,0.0245054,1.9179888,0.0246098,2.0755235,0.0250521,2.2323335,0.0244439,2.3891434,0.0238357
重庆市,0.0454147,0.70951324,0.047675,0.74623626,0.0488297,0.77097941,0.049863,0.79144671,0.0528152,0.83308366,0.0551799,0.90043028,0.0573629,0.91097287,0.0591301,0.92233288,0.0607979,1.0068095,0.0622192,1.1260606,0.0648518,1.1793639,0.0663395,1.2513335,0.0747478,1.3233267,0.0798761,1.3953198,0.0850174
钦州市,0.022158,0.80072707,0.0224087,0.80118769,0.0216757,0.80447327,0.0227292,0.79514246,0.0208521,0.785387,0.0230324,0.78340985,0.0223187,0.77360373,0.0235452,0.76869814,0.0236093,0.76545763,0.023275,0.76353485,0.0233317,0.76160414,0.0233825,0.75042567,0.0247258,0.73980647,0.0253712,0.72918727,0.0260166
榆林市,0.041382,1.7163379,0.0426269,1.7646348,0.0437716,1.8149807,0.0382469,1.8671079,0.0396862,1.8716152,0.0411396,1.9364803,0.040873,1.9519389,0.0418986,2.2511339,0.0415618,2.4243873,0.0410882,2.5966414,0.0436853,2.7648365,0.0437939,2.9513375,0.0447211,3.1399169,0.0466911,3.3284964,0.048661
伊春市,0.0376436,5.0847615,0.0381175,5.207188,0.0402237,5.2714186,0.0388063,5.3639743,0.0410403,5.4197632,0.0429936,5.492855,0.0415757,5.543057,0.0411099,5.7752482,0.0420309,5.9272396,0.0491954,6.0976448,0.0463031,6.1656444,0.0440253,6.2701778,0.0451428,6.3651596,0.0434636,6.4601415,0.0417845
运城市,0.0269107,0.77710718,0.027468,0.84884381,0.026756,0.91615669,0.0272589,0.96929353,0.0283229,1.0066579,0.0284133,0.97655934,0.0284876,1.0178192,0.0280588,1.0454595,0.0281369,1.0235816,0.029415,1.1693587,0.0307885,1.2560382,0.0324424,1.3295169,0.0315859,1.4025306,0.0320068,1.4755442,0.0324277
丽江市,0.0319874,3.3512721,0.0312941,3.4723828,0.0313082,3.5667745,0.0317617,3.5853745,0.0316273,3.6110065,0.0304403,3.6563006,0.0304974,3.6582234,0.0297703,3.6409432,0.0297812,3.7806826,0.0287937,3.9706359,0.0295134,4.0361808,0.0283826,4.1109442,0.0290173,4.1853792,0.0311923,4.2598142,0.0333673
黄冈市,0.0275252,0.87799757,0.0261371,0.88527372,0.0281734,0.91171767,0.0286059,0.92801471,0.0271803,0.87586428,0.026494,0.8835404,0.0305237,0.90833195,0.0284226,0.92264546,0.0265246,0.95610775,0.0269147,0.97567607,0.029531,1.0108954,0.0289868,1.0356092,0.0307397,1.0603231,0.0314687,1.0850369,0.0321977
吴忠市,0.0502745,1.9652541,0.0513704,2.0010333,0.0463235,2.0400441,0.0434651,2.0514272,0.0444108,2.120079,0.0447601,2.1400728,0.0439757,2.1623064,0.0468832,2.239154,0.0496578,2.3050931,0.0495791,2.5782378,0.0517993,2.8545055,0.0549341,3.0582549,0.0556168,3.2603188,0.0585133,3.4623827,0.0614098
南阳市,0.0291913,0.8139199,0.0287766,0.86230749,0.0281699,0.94678601,0.0272061,1.0042926,0.0278739,1.0724736,0.0285396,1.1201234,0.0299352,1.1882736,0.0294298,1.2238316,0.0282785,1.3113416,0.0279431,1.4036611,0.0294076,1.4902284,0.0302203,1.553333,0.0302497,1.6164815,0.030993,1.67963,0.0317363
乌鲁木齐市,0.0129718,1.5129717,0.0143632,1.5249548,0.014466,1.5375755,0.015193,1.5477394,0.014982,1.5224116,0.0158296,1.5520075,0.0161695,1.6781008,0.0159716,1.8846695,0.0158692,1.9201255,0.0168057,1.9039432,0.0163553,1.9084417,0.0162525,1.9365919,0.0182338,1.9740658,0.0189779,2.0115397,0.019722
武汉市,0.0196123,0.71833435,0.0206291,0.76837219,0.0218164,0.81254015,0.0223588,0.82804626,0.0229883,0.84376381,0.023867,0.89031999,0.0246308,0.87096043,0.0241723,0.87838231,0.0241683,0.89172363,0.0246468,0.87392861,0.0256346,0.89605096,0.0256367,0.88854655,0.0405305,0.88290836,0.040645,0.87727016,0.0407594
内江市,0.0170753,0.62415211,0.0173051,0.71544405,0.0175945,0.76246848,0.0169104,0.79810966,0.0177906,0.5353886,0.0185054,0.5675585,0.0207257,0.58458705,0.0185894,0.58650702,0.0197686,0.58886595,0.0200177,0.59402128,0.0216959,0.59184989,0.0196611,0.60093998,0.0203925,0.60970817,0.0212258,0.61847635,0.0220592
烟台市,0.0220558,0.94367808,0.0225841,0.98715966,0.0230422,1.032408,0.023008,1.0734967,0.0220717,1.1049963,0.0231186,1.154212,0.024228,1.1988439,0.0244494,1.259416,0.0245754,1.3315539,0.0253535,1.4162865,0.0253763,1.499062,0.0264756,1.5913839,0.0290478,1.6837254,0.028875,1.7760669,0.0287022
南京市,0.0196317,0.83260024,0.0206359,0.88516266,0.0215395,0.92471553,0.0221963,0.93063699,0.0223147,0.94508039,0.0229383,0.98240541,0.0238131,0.99161149,0.0233643,0.99165763,0.023436,1.0278093,0.0231393,1.0334894,0.0237899,1.0631612,0.0243279,1.0635047,0.0497081,1.0640201,0.0452254,1.0645354,0.0407426
白银市,0.0245825,1.6624408,0.0242946,1.7441308,0.025361,1.7998294,0.0266445,1.8217997,0.0269046,1.8302354,0.0262753,1.8258408,0.0287634,1.8762642,0.0282813,1.933323,0.0277206,2.113195,0.0288057,2.2359049,0.0291746,2.3019198,0.03104,2.4475736,0.0309518,2.5925754,0.031668,2.7375773,0.0323841
郴州市,0.0222395,1.1093915,0.0234083,1.2470231,0.0244797,1.1659086,0.0252455,1.1978379,0.0249142,1.3717415,0.0264397,1.4343198,0.028976,1.2170709,0.0280179,1.2403999,0.0273563,1.3584582,0.0291908,1.5025951,0.0278856,1.5139204,0.0276126,1.5589531,0.0292774,1.6036054,0.0299475,1.6482576,0.0306177
呼伦贝尔市,0.068123,16.53998,0.0681566,16.862558,0.0693629,18.070091,0.0718108,17.732862,0.0715753,17.451963,0.0709773,17.605286,0.0732741,17.66448,0.076171,17.940737,0.0797461,18.027559,0.0810839,18.089364,0.0822767,18.160844,0.0859243,18.202836,0.0886737,18.246241,0.0917442,18.289646,0.0948147
防城港市,0.0275604,1.9716654,0.0269094,2.0084825,0.0277539,2.0134569,0.0269332,2.00743,0.0272014,1.9594994,0.0275834,1.9641371,0.026659,1.9280882,0.0267767,1.9054775,0.0255831,1.9242268,0.0264129,1.9441443,0.0281054,1.9603475,0.0270039,1.9522441,0.0296921,1.9461384,0.0314467,1.9400327,0.0332013
北京市,0.0258305,0.31006309,0.026993,0.31827798,0.027925,0.32909582,0.028519,0.32482036,0.0297815,0.30456654,0.0310123,0.29138257,0.0317455,0.28111791,0.0320025,0.27226211,0.0320638,0.2595351,0.0327038,0.24287691,0.0335417,0.24805729,0.0348904,0.411561,0.0348582,0.57069196,0.1106331,0.72982292,0.1864045
洛阳市,0.0209858,0.86584755,0.0216652,0.91181952,0.0226696,1.0001029,0.0220164,1.0525026,0.0231996,1.0942111,0.0237355,1.1574889,0.0235757,1.1660746,0.0233059,1.2407956,0.0232877,1.3306058,0.0229415,1.4256503,0.023501,1.5347017,0.024514,1.6899632,0.0243347,1.8433345,0.0248774,1.9967058,0.0254201
汉中市,0.0353518,1.7380317,0.0366607,1.8054362,0.0353402,1.8748802,0.0318246,1.9300854,0.0308798,1.972188,0.0332047,2.042382,0.0338257,2.0727789,0.0331444,2.0556339,0.0319113,2.1698448,0.0357895,2.236369,0.0336691,2.2986613,0.0320298,2.3631536,0.0346437,2.427571,0.0355287,2.4919883,0.0364137
吉安市,0.0304314,1.39174,0.0303058,1.4227639,0.0311336,1.4533143,0.0309471,1.553943,0.0314333,1.5829454,0.0318657,1.6199474,0.0338897,1.5182604,0.0296155,1.5429827,0.0289402,1.5822414,0.0307849,1.6535332,0.0337176,1.7035983,0.033724,1.7552742,0.0322793,1.8003984,0.0329692,1.8455225,0.033659
丽水市,0.0242094,1.7427044,0.0227836,1.728687,0.0243464,1.736331,0.0264324,1.7445352,0.0274379,1.7475245,0.0272325,1.762674,0.0295757,1.7170704,0.0285538,1.71679,0.0268489,1.7456155,0.0293543,1.7630614,0.0279076,1.7600226,0.0298067,1.7758201,0.0308987,1.7917477,0.0282352,1.8076752,0.0255717
忻州市,0.0306549,1.1861584,0.0304598,1.2219406,0.0297438,1.2580925,0.0298211,1.2793784,0.0300604,1.2417128,0.0319672,1.3009392,0.0332167,1.3336065,0.0330784,1.3731436,0.0321112,1.3582227,0.0341725,1.4830723,0.0368794,1.5757799,0.0381653,1.621199,0.0388535,1.6666697,0.0370801,1.7121403,0.0353066
中山市,0.0155954,4.620924,0.0173796,5.116782,0.0176288,11.309694,0.0186009,5.853012,0.0177639,6.20598,0.0182899,6.565086,0.0191499,6.931848,0.0193043,7.29861,0.0191612,6.118794,0.0185645,4.717548,0.0186091,5.290362,0.0193811,5.863176,0.020688,6.43599,0.0214397,7.008804,0.0222101
鹤岗市,0.0424707,1.9933839,0.0432165,2.05675,0.0436023,2.0008359,0.042982,2.0185301,0.0459872,2.049173,0.0451864,2.0473194,0.045515,2.111636,0.0467969,3.2603423,0.0451186,3.4117338,0.0459087,3.6439932,0.0491792,3.5791862,0.0474798,3.8164963,0.044952,4.0534943,0.0468245,4.2904923,0.0486969
白山市,0.022903,3.1620144,0.0222462,3.2322131,0.0226037,3.3069495,0.0179027,3.3587372,0.0193267,3.3916985,0.0189745,3.442405,0.0212522,3.4250478,0.0223248,3.5010316,0.0224812,3.5965213,0.0207718,3.769768,0.0243354,3.8629521,0.0247186,3.9734142,0.0273353,4.0835498,0.025581,4.1936854,0.0238268
咸宁市,0.023473,1.0506821,0.022526,1.0417318,0.0242654,1.0514858,0.0247032,1.05897,0.0243488,1.0618419,0.0253131,1.0484363,0.0253512,1.0399268,0.0254719,1.0312818,0.0249517,1.0347123,0.0248073,1.0365886,0.0243663,1.0406569,0.0256582,1.0352279,0.0230719,1.0299521,0.0242398,1.0246764,0.0254077
宿迁市,0.0190938,0.90919862,0.0193857,0.97045903,0.0206339,1.0020867,0.0195406,1.0187853,0.0187808,1.0375233,0.0201722,1.0822002,0.0198928,1.1039321,0.0206172,1.1402429,0.0214377,1.1316399,0.0206426,1.1797136,0.0219266,1.2042552,0.0223508,1.2572376,0.0227022,1.3102247,0.0233333,1.3632118,0.0239644
营口市,0.0156876,1.2319577,0.0153525,1.3407481,0.0165367,1.4028876,0.0154297,1.5054536,0.0162882,1.6027073,0.0171129,1.7446207,0.0181253,1.8598892,0.0181158,2.0104146,0.01717,2.1985958,0.0175315,2.4011584,0.0196193,2.6218548,0.020572,2.8569792,0.0193191,3.0926206,0.0195478,3.328262,0.0197765
商丘市,0.0255729,0.60812846,0.0269064,0.65239973,0.025619,0.69997782,0.0254977,0.74911208,0.0255012,0.79621568,0.0258684,0.84667728,0.0240975,0.89731231,0.0235325,0.95620783,0.0239989,1.0234559,0.0226297,1.0954648,0.0235318,1.1716588,0.0262165,1.2521136,0.0256287,1.3314155,0.0263722,1.4107175,0.0271157
黄石市,0.015947,1.0059448,0.0156095,1.0416025,0.0171725,1.1226339,0.0172485,1.1372563,0.0184482,1.1106951,0.0170032,1.1145603,0.019638,1.099545,0.0203053,1.0952892,0.020801,1.1224145,0.017547,1.1510041,0.0192004,1.175051,0.019168,1.1941983,0.0191865,1.2133194,0.0194685,1.2324406,0.0197504
潍坊市,0.0252483,0.92897061,0.0247842,0.9636388,0.0266136,1.0029154,0.0256438,1.0439089,0.0264021,1.0730859,0.0265633,1.0706655,0.0268557,1.1056439,0.0269476,1.1927315,0.0282765,1.2537177,0.0282102,1.3347233,0.0293994,1.4062342,0.0302426,1.5036213,0.0324483,1.600088,0.0328447,1.6965548,0.0332411
天水市,0.0238062,0.67607181,0.0227172,0.70795292,0.022863,0.73777599,0.0219776,0.79046954,0.0229584,0.82335314,0.0225561,0.83239301,0.0218106,0.78486216,0.0227344,0.7907966,0.0216118,0.91052782,0.0248894,0.94608175,0.023466,1.021951,0.0242745,1.0814042,0.0251793,1.1405559,0.0254703,1.1997076,0.0257612
永州市,0.0295193,1.1644262,0.0276911,1.2188599,0.0283247,1.2603657,0.0297379,1.3193504,0.02994,1.3877905,0.0315826,1.4151725,0.029292,1.3313533,0.029111,1.3564884,0.0258643,1.5128913,0.0562511,1.6938298,0.0480993,1.709219,0.046453,1.7833553,0.0314163,1.8573259,0.0297876,1.9312965,0.028159
巴彦淖尔市,0.03967,6.5004315,0.0393591,6.6177902,0.038791,6.452787,0.0391421,6.6837026,0.039999,6.8253377,0.0410896,6.8714189,0.0393156,6.868192,0.0411716,6.9066782,0.0422895,6.7130933,0.0434062,6.7477492,0.0460691,6.7587511,0.0455901,6.8328205,0.0459855,6.9024336,0.0480118,6.9720468,0.0500381
北海市,0.0240879,0.90562097,0.0241443,0.9182619,0.0230796,1.0121141,0.0223918,1.0182682,0.0229659,0.99226303,0.0233617,0.99261925,0.0232569,0.97228577,0.0229096,1.0263197,0.0243969,1.0713373,0.021489,1.1152383,0.022033,1.1594837,0.0223567,1.1832304,0.0213873,1.2068671,0.0218042,1.2305038,0.0222211
平顶山市,0.0163945,0.68490143,0.0179987,0.74104404,0.0177216,0.82246131,0.0185149,0.8587151,0.0195159,0.90632992,0.0193027,0.97169446,0.0206247,1.0347331,0.0201718,1.1184457,0.0205658,1.2171916,0.0201836,1.324705,0.0208099,1.4384228,0.0218504,1.5607099,0.0216546,1.6831815,0.022229,1.8056532,0.0228033
宜春市,0.0270356,1.0462772,0.0254863,1.0601568,0.0264939,1.0760115,0.0278947,1.0837733,0.0284468,1.0928805,0.0267111,1.1142352,0.0276987,1.1499371,0.02892,1.1258265,0.0283339,1.1880693,0.0282806,1.2586949,0.0290838,1.3035447,0.0289567,1.3466441,0.0292915,1.3897687,0.0313746,1.4328933,0.0334576
台州市,0.0180585,0.89411706,0.0195551,0.91615707,0.0208286,0.94182663,0.0213978,0.94315136,0.0207916,0.9725957,0.0220343,1.0296881,0.0229062,1.0352263,0.0231724,1.0627668,0.0241527,1.0926246,0.0254544,1.1209198,0.0246483,1.1469766,0.0260513,1.1850262,0.0258036,1.2230144,0.0253692,1.2610026,0.0249349
延安市,0.037234,2.8291919,0.0368382,2.8806789,0.0374215,2.9409187,0.0343061,3.0125193,0.0343981,3.0076188,0.0357499,3.0474561,0.0358586,3.060145,0.0372655,3.1894728,0.035496,3.3012536,0.0366467,3.3866709,0.0383213,3.4724336,0.0392488,3.5445978,0.0381067,3.6166665,0.0409009,3.6887352,0.0436952
双鸭山市,0.0491184,2.4285562,0.0493055,2.5730487,0.0509221,2.6508876,0.0513467,2.7679963,0.0559374,1.9133489,0.0480229,2.3695398,0.0530361,2.3765295,0.0530491,3.6625611,0.0540001,3.8643348,0.0555084,4.088712,0.0593798,3.9838501,0.0551207,4.2669793,0.0555517,4.5561977,0.0564909,4.8454161,0.0574301
临沧市,0.0344666,2.0988844,0.03407,2.3196071,0.0346256,2.4437771,0.0344227,2.4877167,0.0353236,2.53575,0.0346479,2.6110217,0.0351216,2.6436983,0.0342179,2.6500473,0.0353337,2.8579662,0.0340451,3.0985577,0.0378634,3.3033693,0.0367741,3.4973979,0.0398903,3.689808,0.0396282,3.8822181,0.0393662
松原市,0.034887,2.048515,0.033624,2.1988272,0.0340662,2.2558384,0.0314099,2.344797,0.031863,2.4372162,0.0331543,2.408801,0.032741,1.786026,0.0321825,1.8737547,0.0310627,1.9876897,0.0370622,2.2807339,0.0394749,2.3157928,0.0393982,2.3996082,0.0398439,2.4846844,0.0389291,2.5697606,0.0380142
随州市,0.0236838,0.7683775,0.0229198,0.7847718,0.0228213,0.81454238,0.0237907,0.82780839,0.0231777,0.84353877,0.0241619,0.86373115,0.0258475,0.85910227,0.0232477,0.86605292,0.0231823,0.8789626,0.0242574,0.89324443,0.0249641,0.90635755,0.025787,0.92900188,0.0264261,0.95164617,0.0280734,0.97429047,0.0297207
资阳市,0.0219384,0.68730796,0.0215726,0.78336189,0.0209984,0.8354967,0.0212521,0.86900637,0.0203051,0.5758352,0.0232178,0.76484039,0.022741,0.80642926,0.0238017,0.8144904,0.0230187,0.82693483,0.0238279,0.82879818,0.0251279,0.82794795,0.0238094,0.82785846,0.0231916,0.82776898,0.0248108,0.82767949,0.0264301
银川市,0.0254503,1.3684606,0.0264624,1.3782397,0.0263635,1.4190529,0.0262323,1.3904298,0.0273978,1.3945532,0.0283832,1.372754,0.0289941,1.3054824,0.0296874,1.2328455,0.0298422,1.330082,0.0297814,1.3892247,0.0313666,1.3152802,0.0339648,1.6197642,0.0364521,1.9081647,0.0376612,2.1965652,0.0388702
泰州市,0.0168489,0.7896224,0.0166438,0.84992724,0.0180772,0.90361412,0.018345,0.94157273,0.0188177,0.97465359,0.0183469,1.0427409,0.0208602,1.113704,0.0199899,1.1694153,0.0213374,1.1902194,0.0204103,1.2443967,0.021524,1.2952862,0.0212475,1.3285948,0.0220151,1.3614505,0.0239783,1.3943063,0.0259414
阜新市,0.0322099,1.7678377,0.0315515,1.940617,0.0318609,2.1281332,0.0316024,2.2986544,0.0300657,2.4425693,0.0323836,2.6565762,0.0330687,2.8247164,0.033237,3.0614292,0.0323161,3.3437717,0.033132,3.6222143,0.0347223,3.8873508,0.0354789,4.1478526,0.0362335,4.4052646,0.0359506,4.6626766,0.0356676
信阳市,0.0284944,0.71738074,0.0288674,0.89147199,0.0303763,0.83473868,0.0270658,0.86183954,0.0266998,0.94298607,0.0271003,1.0047899,0.0263938,1.0280397,0.0268674,1.1016689,0.0273657,1.2188979,0.025062,1.3024299,0.0284816,1.4088765,0.0301212,1.5254614,0.0284508,1.6420618,0.0280835,1.7586623,0.0277162
湖州市,0.0202122,1.2034938,0.02097,1.2270546,0.0214412,1.2356339,0.0226198,1.2387376,0.0223315,1.2402984,0.0233911,1.2613145,0.0244838,1.2402322,0.0228915,1.2529395,0.0233317,1.2574175,0.0230158,1.2701897,0.0233435,1.3218718,0.0238944,1.2836924,0.0245481,1.2455015,0.0249202,1.2073106,0.0252923
抚州市,0.0257694,1.2351074,0.0257699,1.3327295,0.0271195,1.3790508,0.0287929,1.4308785,0.0294884,1.4826894,0.0294568,1.5468594,0.0293961,1.5924458,0.0311443,1.5344106,0.0283582,1.6043382,0.0303231,1.7136062,0.0302507,1.7651275,0.0295254,1.8424654,0.0308637,1.9043554,0.0303162,1.9662453,0.0297688
清远市,0.0215203,1.1245301,0.0222819,1.152783,0.0243954,1.1819738,0.0240132,1.1898315,0.0237342,1.1962295,0.0240385,1.1891839,0.0268426,1.186495,0.0256924,1.2020045,0.0255728,1.2056789,0.0272515,1.2130984,0.0274171,1.2282465,0.0260561,1.242809,0.0306295,1.2588026,0.0293872,1.2747961,0.0281449
天津市,0.018419,0.81815634,0.0191919,0.90726617,0.0196324,0.96113846,0.0202335,0.99600534,0.0204932,1.0232383,0.0205569,1.0519017,0.0209878,1.0775658,0.0214878,1.0581226,0.0214399,1.1400591,0.0221824,1.4210501,0.0214643,1.3908187,0.0221703,1.4650113,0.022983,1.5367574,0.0326765,1.6085035,0.0423632
嘉峪关市,0.0106952,6.686196,0.0106671,7.598118,0.0104498,7.465194,0.0103939,6.72903,0.0105307,5.170176,0.0109626,4.134306,0.0123752,6.007947,0.0130519,7.881588,0.010017,7.406454,0.0108023,6.006,0.0099953,6.849018,0.0112574,7.692036,0.0103642,8.535054,0.0125981,9.378072,0.014832
乌兰察布市,0.0339711,2.6835452,0.0334339,2.7349144,0.0334383,2.8353376,0.0338015,2.9106421,0.0341307,2.9567389,0.0336366,2.9624611,0.0330527,2.9978111,0.0341168,3.0502528,0.0339435,3.1145308,0.0342897,3.1912009,0.0363347,3.2390064,0.0374174,3.2864962,0.0387318,3.3306461,0.0389756,3.3747959,0.0392193
连云港市,0.0201917,0.94331787,0.0189797,1.0194533,0.0208241,1.1001807,0.0223614,1.2752964,0.0211606,1.3412222,0.0222869,1.4189042,0.022325,1.4770285,0.0227108,1.5503077,0.0220173,1.5884936,0.0225682,1.6887753,0.0226372,1.7720224,0.023397,1.8531064,0.0235788,1.9341256,0.0245247,2.0151448,0.0254705
渭南市,0.0280276,0.67255763,0.029645,0.77717515,0.03061,0.85243316,0.0281768,0.90483621,0.0296959,0.91011318,0.0297735,0.94424034,0.0302099,0.94033014,0.0282178,1.1322921,0.0307584,1.252569,0.0282768,1.3723929,0.0295266,1.4962241,0.0278183,1.6175192,0.0299278,1.7406735,0.0319481,1.8638278,0.0339685
玉溪市,0.0188179,1.6901291,0.0189342,1.8082014,0.0193282,1.9054155,0.0209563,1.9469902,0.021514,1.9856219,0.0226426,2.221685,0.0218894,2.2698512,0.0217021,2.2712696,0.0231606,2.4810177,0.0224993,2.6800347,0.0223481,2.9013188,0.0227455,3.0939584,0.0233383,3.2866329,0.0233387,3.4793075,0.0233391
江门市,0.0186874,0.86966109,0.0182399,0.87450344,0.0204075,0.88173318,0.0201148,0.88172088,0.0195589,0.87697798,0.0206023,0.87323369,0.0212335,0.8610219,0.0208755,0.85097992,0.0217582,0.84838325,0.0214638,0.84293939,0.0212726,0.84650011,0.0219339,0.82195355,0.02359,0.79782401,0.0239547,0.77369447,0.024357
益阳市,0.0262026,1.0785923,0.0247274,1.1296365,0.0238409,1.1847812,0.0235478,1.2426172,0.0252759,1.2832959,0.0243282,1.4021744,0.0253358,1.3495589,0.0260595,1.3916187,0.0244411,1.5370697,0.0254579,1.70307,0.0274667,1.734222,0.0282445,1.8141263,0.028717,1.8942874,0.0270152,1.9744484,0.0253133
广元市,0.023525,1.1900553,0.0223218,1.2472252,0.0226227,1.2862828,0.0228333,1.3254424,0.0212473,1.1297959,0.0226032,1.1852751,0.0228794,1.2133043,0.0225455,1.2371472,0.0241356,1.2604155,0.0238249,1.2960631,0.0248111,1.3063462,0.0275246,1.3157345,0.0254924,1.3248664,0.0266816,1.3339983,0.0278707
芜湖市,0.0177205,1.0430919,0.0185462,1.1124336,0.0186876,1.1558099,0.0190015,1.1788449,0.0178268,1.1995951,0.018703,1.2477343,0.0197971,1.2037198,0.019069,1.1800695,0.0193612,1.2572184,0.0196884,1.3061033,0.0205176,1.3396405,0.0199758,1.326656,0.0212148,1.3138318,0.021743,1.3010077,0.0222711
嘉兴市,0.0195208,0.9613397,0.019105,0.99774942,0.0205524,0.99977795,0.02079,0.98669867,0.0207692,0.95368289,0.02157,0.94015188,0.021946,0.86498862,0.0215749,0.8562995,0.0219741,0.85355699,0.0216048,0.86062733,0.0234057,0.88736745,0.0229412,0.87638347,0.025078,0.86640855,0.025317,0.85643363,0.0255561
西宁市,0.0140624,0.90935532,0.0149571,1.0684007,0.0167807,0.97999367,0.0164734,1.1274381,0.0156718,1.1189114,0.0170595,1.0021866,0.0170124,0.99091103,0.0176654,1.0028002,0.018555,1.1783751,0.0191262,1.2281054,0.0195397,1.2674893,0.0198579,1.3040894,0.020089,1.3407891,0.0205808,1.3774888,0.0210726
上饶市,0.0265515,0.93446401,0.0255118,1.0817579,0.0277729,1.1154467,0.0261536,1.0051893,0.0254801,1.0345292,0.027599,1.0696979,0.0286167,1.0924914,0.0276592,1.1278024,0.0277695,1.1363593,0.0286709,1.2389867,0.0302615,1.2585683,0.0311138,1.2929976,0.030922,1.324842,0.0312165,1.3566865,0.0315109
东莞市,0.0154174,3.79302,0.0153607,3.881064,0.0167807,19.171482,0.017277,4.65993,0.0170442,4.990656,0.0187638,5.457012,0.0192368,5.993493,0.0189221,6.529974,0.0192467,7.425462,0.0192838,6.083616,0.0196872,6.816744,0.0204981,7.549872,0.0240358,8.283,0.025468,9.016128,0.0269133
南通市,0.0193736,0.85551543,0.019073,0.92143447,0.0205635,0.96358744,0.0206619,1.0108416,0.0207999,1.0415697,0.0217414,1.0789436,0.0228899,1.1382669,0.0219261,1.196129,0.0221452,1.2766415,0.0222024,1.2268914,0.0220538,1.2870063,0.0235843,1.4405788,0.0268098,1.5940773,0.0277639,1.7475757,0.0287179
辽阳市,0.0169648,1.4257873,0.0168194,1.564521,0.0172762,1.7070467,0.0178863,1.8335737,0.0168064,1.8935186,0.0190807,2.045196,0.020622,2.168431,0.0189253,2.363537,0.0178719,2.5975132,0.0193578,2.8461569,0.019273,3.1014256,0.0213967,3.3746287,0.020473,3.647198,0.0228405,3.9197673,0.0252079
巴中市,0.0247105,0.8228345,0.0225755,0.85149622,0.0227984,0.75152171,0.021598,0.77161692,0.0196159,0.65256712,0.0227229,0.67513615,0.0218199,0.68819274,0.0214473,0.70432989,0.022435,0.71580973,0.023542,0.74001982,0.0265458,0.74129054,0.0278753,0.75591877,0.0245261,0.76965876,0.0256954,0.78339874,0.0268648
六安市,0.0258821,0.74292322,0.0254246,0.76394518,0.0240503,0.7896346,0.0247632,0.80641396,0.02557,0.81540355,0.0248851,1.0406257,0.0302691,1.0515606,0.0274596,1.0529658,0.0273857,1.1142634,0.026212,1.2184597,0.0304065,1.2788023,0.0276879,1.3449026,0.0277646,1.4115519,0.0286376,1.4782013,0.0295105
金昌市,0.0174693,2.9095288,0.0195063,3.0262619,0.0183272,3.1971782,0.0172248,3.8214849,0.0199837,3.6352832,0.0213602,3.8308876,0.0190523,3.6280604,0.0214227,3.7558504,0.0213161,4.1656971,0.0204252,4.3022215,0.0216156,4.6375198,0.0212559,4.8267667,0.0207825,5.0172799,0.0214666,5.2077932,0.0221507
廊坊市,0.0205341,0.73008315,0.0217988,0.80860184,0.0224329,0.82452669,0.0216652,0.82924457,0.0212544,0.7937677,0.0238096,0.75061396,0.0233439,0.60765169,0.0218986,0.62367692,0.0244254,0.66596308,0.0230937,0.69237796,0.0240925,0.67667388,0.0240344,0.68065475,0.0240615,0.68509395,0.023408,0.68953315,0.0227545
拉萨市,0.0244033,8.8824819,0.0243778,8.781162,0.0242742,8.6644364,0.0229112,8.3700917,0.0233108,9.749112,0.0252398,9.7316204,0.0273644,9.5739933,0.0280516,9.4831495,0.0272973,9.462416,0.0241782,9.5142552,0.0289687,9.5475157,0.0270458,9.4900562,0.0261007,9.441169,0.030124,9.3922818,0.0341474
福州市,0.0223689,1.1317645,0.023287,1.1505646,0.0238365,1.1702199,0.0261178,1.165371,0.0258844,1.1616115,0.0263202,1.1726233,0.0265922,1.1698452,0.0251574,1.1725651,0.0250245,1.1863514,0.0253087,1.2253678,0.0252843,1.2390484,0.0257954,1.2527465,0.0307341,1.2675169,0.0293371,1.2822874,0.0279401
咸阳市,0.0259025,1.1137848,0.0278388,1.1997742,0.0275498,1.2599494,0.025454,1.3445137,0.0239736,1.3806352,0.0254392,1.4259381,0.0247573,1.5518306,0.0250695,1.3435954,0.0257039,1.4410465,0.0274191,1.5203723,0.0283275,1.5585294,0.0294297,1.589402,0.0311233,1.6184449,0.0325839,1.6474877,0.0340446
湛江市,0.0234635,0.80114513,0.0234541,0.86155451,0.0243334,0.92846555,0.0234612,1.0034933,0.0243496,1.0927333,0.0224982,1.1969702,0.0240074,1.1451912,0.0232739,1.2513612,0.0228515,1.366258,0.0239196,1.4971883,0.0247257,1.6479198,0.0247968,1.8112164,0.0265915,1.9753988,0.0266959,2.1395813,0.0268003
曲靖市,0.024311,1.1451729,0.0243838,1.2808647,0.0241583,1.311517,0.0269504,1.3611537,0.0268679,1.3722409,0.0295406,1.4172047,0.0296224,1.4511797,0.029038,1.4287158,0.0280444,1.6001669,0.0286415,1.8848835,0.030112,1.8235833,0.0291319,1.7178461,0.0283874,1.6135876,0.0297894,1.5093291,0.0311915
蚌埠市,0.0241032,1.014445,0.0246215,1.0895119,0.02439,1.1574808,0.0243843,1.2101803,0.0213766,1.2468934,0.0231273,1.3114386,0.0236383,1.3401184,0.0231891,1.3346612,0.0233636,1.4346087,0.0226465,1.5100286,0.0226534,1.5797666,0.0234802,1.6643097,0.0242843,1.748474,0.0245127,1.8326383,0.0247411
绵阳市,0.0233186,1.0737905,0.0248875,1.1340295,0.0253368,1.1875194,0.0274776,1.2235486,0.0259678,0.95253746,0.0262116,1.0320516,0.0272097,1.0578365,0.0288167,1.0244992,0.0285979,1.0377256,0.0274115,1.0452857,0.0300338,1.0508711,0.0292214,1.0511111,0.0298056,1.0509128,0.0295165,1.0507145,0.0292273
温州市,0.0178405,0.47630367,0.0179744,0.48167064,0.0190101,0.47901965,0.0202642,0.47802651,0.0210834,0.49467096,0.0220758,0.51022904,0.0236879,0.51139259,0.0225298,0.50766651,0.0234735,0.51753002,0.0233464,0.53280056,0.0244185,0.53882809,0.0246916,0.57959189,0.0246219,0.62008567,0.0249019,0.66057945,0.0251819
苏州市,0.0174079,1.2563428,0.0185837,1.3264202,0.0202401,1.3734614,0.0205526,1.3765831,0.0207958,1.388048,0.0217567,1.3799044,0.0224269,1.3603844,0.0219343,1.3410296,0.0220272,1.3060356,0.0212614,1.289797,0.0216823,1.272552,0.0221364,1.2472531,0.032251,1.2233286,0.0353202,1.1994041,0.0383894
阜阳市,0.0235611,0.43536852,0.0232284,0.45786626,0.0240338,0.4873457,0.0243622,0.50710631,0.0224506,0.52329377,0.0237493,0.55902312,0.0246603,0.5685594,0.024837,0.57481245,0.0247364,0.63640398,0.0231148,0.6990134,0.0244437,0.73298473,0.0240207,0.77663655,0.024343,0.82007575,0.0237994,0.86351494,0.0232558
衡水市,0.0243626,0.85176816,0.0233792,0.91393348,0.0238069,0.97936894,0.0239188,0.97549072,0.0223272,0.93525397,0.0236923,0.98760284,0.0243365,0.84899899,0.0234503,0.8797964,0.0249027,0.94630142,0.0266122,1.0133012,0.0269375,1.0225625,0.0275827,1.1507594,0.0272355,1.2782365,0.0274778,1.4057136,0.0277202
许昌市,0.0197557,0.64969077,0.0202392,0.70268759,0.0204725,0.75959124,0.0196885,0.82154243,0.0189264,0.88079154,0.020966,0.94815976,0.0214455,1.0563267,0.0213771,1.1135857,0.022177,1.211207,0.0221142,1.3191032,0.0227842,1.4367012,0.0223327,1.5650945,0.0224288,1.6933184,0.0235223,1.8215424,0.0246158
佳木斯市,0.0508912,2.403613,0.0512951,2.834339,0.0540727,2.9109238,0.0524947,3.0820645,0.0525887,3.1770881,0.0538865,3.2077259,0.0534216,2.9821569,0.0560967,3.7918246,0.0568306,4.0057089,0.0641608,4.2840401,0.065806,4.1027306,0.0648131,4.2398239,0.0655079,4.3792349,0.0645556,4.5186459,0.0636032
宝鸡市,0.0266733,1.2200812,0.0269325,1.2772984,0.027834,1.3333375,0.0236772,1.378074,0.0253567,1.4037675,0.0265973,1.4358901,0.0262526,1.461311,0.0265983,1.4256471,0.0282897,1.4993772,0.0253308,1.5413649,0.0267105,1.5723512,0.0278815,1.6118803,0.0273572,1.6514213,0.0297197,1.6909622,0.0320821
昭通市,0.0218632,0.78575709,0.0228171,0.83864149,0.023937,0.88771313,0.0237352,0.90293548,0.0243765,0.90950873,0.0245564,0.92070932,0.0242135,0.92199923,0.0249719,0.91186662,0.0252527,0.97951234,0.0240607,1.0404011,0.0263674,1.0762156,0.0248971,1.1020979,0.026466,1.1278916,0.0265762,1.1536853,0.0266863
定西市,0.036582,0.91406435,0.0347311,1.0941308,0.0360487,1.0305211,0.0342406,1.0254679,0.0314408,1.0492463,0.0303526,1.0615824,0.0303193,0.97613188,0.0301102,1.0087202,0.0283334,1.087606,0.0281676,1.1509258,0.0290679,1.202401,0.0281946,1.250527,0.0288896,1.2985727,0.0306501,1.3466185,0.0324106
茂名市,0.0208589,0.74413271,0.0198759,0.76691654,0.0224386,0.78202707,0.0212883,0.79317252,0.0211649,0.78881122,0.0213911,0.80031154,0.022111,0.80304924,0.0224012,0.8206069,0.0223938,0.82892697,0.0221383,0.84706263,0.0243074,0.86005066,0.0244252,0.87899265,0.0247605,0.89814146,0.0255082,0.91729027,0.0262559
宁波市,0.0213169,1.1243598,0.0218381,1.1572549,0.0216945,1.1770688,0.0229842,1.1756265,0.023443,1.1939447,0.024538,1.1899262,0.0249045,1.173123,0.0243759,1.1713425,0.0242184,1.2195752,0.0247835,1.2458457,0.0242666,1.2984011,0.0253919,1.3515614,0.0288335,1.4046491,0.0287829,1.4577367,0.0287324
兰州市,0.0172818,0.94860547,0.0187483,0.98135273,0.0188379,0.97212395,0.0183046,0.95052467,0.0185168,0.9800514,0.0188796,1.0022617,0.0191807,0.88639791,0.0199076,0.91555795,0.0200037,0.94337139,0.0200759,0.97185068,0.020883,0.98508114,0.0215563,1.0260903,0.0228251,1.0667831,0.0246308,1.1074758,0.0264364
临汾市,0.0230567,0.8204788,0.0225365,0.85533474,0.023039,0.89346274,0.0251119,0.93030881,0.0266131,0.90224568,0.0269115,0.91687692,0.0272827,0.91590975,0.0277005,0.9109063,0.0277237,0.92575262,0.0270523,1.0073043,0.0275193,1.0778751,0.0285214,1.1144463,0.0273983,1.151043,0.0312168,1.1876397,0.0350354
常州市,0.0182579,0.84441957,0.0188384,0.98669692,0.0200395,1.0684976,0.0201102,1.1130504,0.0207892,1.1221783,0.021285,1.1511721,0.0222364,1.1700015,0.0212436,1.2545285,0.0208458,1.2811906,0.0205804,1.3317999,0.0207305,1.3811857,0.0214439,1.407874,0.0259002,1.4341658,0.0273655,1.4604575,0.0288308
宿州市,0.0250076,0.53477025,0.0245657,0.57605357,0.0242098,0.61346637,0.0239387,0.65930302,0.0234227,0.67373128,0.0228145,0.67286018,0.0244205,0.6762593,0.0228062,0.67523029,0.023293,0.74350973,0.0229166,0.80766717,0.0254689,0.85716639,0.025405,0.91281654,0.0233397,0.96830422,0.0242606,1.0237919,0.0251816
潮州市,0.013094,0.46322334,0.0131517,0.45780083,0.0138029,0.45384372,0.0134728,0.44972437,0.0127237,0.44519128,0.0148374,0.45176193,0.0139334,0.43226371,0.0139525,0.42883101,0.0153455,0.42129109,0.0149384,0.4140923,0.0159903,0.41024667,0.0163828,0.40489662,0.0165412,0.39977413,0.0162936,0.39465164,0.016046
玉林市,0.0210504,0.66150822,0.0216419,0.65476431,0.0209213,0.6506054,0.0214721,0.80311434,0.0226532,0.63788475,0.0227639,0.63356216,0.0236981,0.62513956,0.0231841,0.61723624,0.0230034,0.61202178,0.0240334,0.6009402,0.0217016,0.59473032,0.0221788,0.5854031,0.0243793,0.57644456,0.0252919,0.56748603,0.0262045
漯河市,0.0173767,0.62579066,0.0173844,0.65753582,0.0171633,0.68536744,0.0180459,0.71919031,0.0159952,0.73820823,0.0165867,0.75994361,0.0183991,0.77820004,0.0179825,0.80828638,0.01875,0.85008216,0.0187115,0.90784931,0.0175972,0.9515983,0.0178408,1.0142996,0.0192559,1.0770028,0.0184498,1.1397061,0.0176437
七台河市,0.0215981,0.87639648,0.0217897,0.90210845,0.0229554,0.90510105,0.0229833,1.0059398,0.0251756,1.057909,0.026008,1.095336,0.0258761,1.0896016,0.0260757,1.1275971,0.0271397,1.1851836,0.0273205,1.2503544,0.0319088,1.2867196,0.0262722,1.3767997,0.0285164,1.4661314,0.0287352,1.5554631,0.0289539
陇南市,0.0283632,1.6122916,0.0282103,1.6435721,0.0282273,1.6868844,0.0262289,1.7285445,0.0274647,1.7546742,0.0266477,1.7673248,0.0261765,1.7270468,0.0263246,1.7463593,0.0272172,1.8311099,0.0257668,1.8334201,0.0264178,1.916456,0.0295069,1.998101,0.0301354,2.079746,0.0303923,2.161391,0.0306493
保山市,0.0290779,1.8512452,0.0301849,1.9200842,0.0299601,2.0012935,0.0304387,2.0383003,0.0295934,2.0681864,0.0291767,2.1179763,0.0295416,2.1494772,0.0296048,2.1653232,0.0296841,2.3591616,0.028562,2.5956188,0.0309447,2.7059875,0.0307934,2.8086537,0.0290407,2.9117862,0.0324449,3.0149187,0.0358492
遂宁市,0.0200788,0.72041801,0.0207171,0.76653914,0.0203518,0.68777734,0.0192803,0.83139503,0.0208215,0.48564111,0.0186984,0.52084593,0.0195944,0.54611754,0.0207653,0.5484934,0.0189721,0.5600386,0.0202973,0.55398436,0.0205998,0.55213476,0.0208466,0.56859778,0.0192484,0.58509081,0.0210664,0.60158383,0.0228845
合肥市,0.0192325,0.92232813,0.0203638,0.96071117,0.0215992,1.012299,0.0213678,1.0289552,0.0213598,1.0464415,0.0218687,1.075285,0.0231074,1.0760484,0.0232276,1.0443365,0.0235238,1.0678905,0.0230297,1.0947164,0.0240166,1.106856,0.0243836,1.1330695,0.033092,1.1581183,0.0342237,1.1831672,0.0353553
铜川市,0.0169666,0.87833821,0.0171852,0.92390864,0.0162443,0.98074699,0.0160381,1.0272404,0.0159774,1.0428289,0.0175906,1.0645981,0.0174405,1.0924163,0.0169752,1.1058676,0.017408,1.1229748,0.0175244,1.1476072,0.0174406,1.1668016,0.0186661,1.1748618,0.0169639,1.1825057,0.0185646,1.1901496,0.0201653
